"# of Use","# de Uso"
"%1$s incl tax.","%1$s de imposto incl."
"%s - %s","%s - %s"
"%s Item(s)","%s Item(s)"
"%s and above","%s e acima"
"(%d)","(%d)"
"(Copy data from: %s)","(Copiar dados de: %s)"
"* Required Fields","* Campos Obrigatórios"
"-- Please Select --","-- Por Favor Selecione --"
"86400 by default, if not set. To refresh instantly, Clear the Blocks HTML Output Cache.","86400 por padrão, se não definido. Para atualizar instantaneamente, Limpe o Cache de Saída de Blocos HTML."
"<strong style=""color:red"">Warning!</strong> Applying MAP by default will hide all product prices on the frontend.","<strong style=""color:red"">Cuidado!</strong> Aplicando MAP por padrão irá ocultar todos os preços de produtos no frontend."
"A group with the same name already exists.","Um grupo com este mesmo nome já existe."
"A name is required","Um nome é obrigatório"
"A product type is not defined for the indexer.","Um tipo de produto não está definido para o indexador."
"ALL GROUPS","TODOS OS GRUPOS"
"AM","AM"
"Action","Ação"
"Actual Price","Preço Atual"
"Add","Adicionar"
"Add Attribute","Adicionar Atributo"
"Add Design Change","Adicionar Mudança de Design"
"Add Group","Adicionar Grupo"
"Add Group Price","Adicionar Preço de Grupo"
"Add New","Adicionar Novo"
"Add New Attribute","Adicionar Novo Atributo"
"Add New Attribute Set","Adicionar Novo Conjunto de Atributos"
"Add New Group","Adicionar Novo Grupo"
"Add New Images","Adicionar Novas Imagens"
"Add New Option","Adicionar Nova Opção"
"Add New Row","Adicionar Nova Linha"
"Add New Search Term","Adicionar Novo Termo de Pesquisa"
"Add New Set","Adicionar Novo Conjunto"
"Add Product","Adicionar Produto"
"Add Product To Websites","Adicionar Produto para Websites"
"Add Root Category","Adicionar Categoria Raiz"
"Add Subcategory","Adicionar Subcategoria"
"Add Tax","Adicionar Imposto"
"Add Tier","Adicionar Nível"
"Add attribute into attribute set","Adicionar atributo em conjunto de atributos"
"Add group into attribute set","Adicionar grupo em conjunto de atributos"
"Add new custom option into product","Adicionar nova opção personalizada em produto"
"Add new values into custom option","Adicionar novos valores em opção personalizada"
"Add option","Adicionar opção"
"Add to Cart","Adicionar ao Carrinho"
"Add to Compare","Adicionar à Comparação"
"Add to Wishlist","Adicionar à Lista de Desejos"
"Additional Information","Informação Adicional"
"Alert Urls","Urls de Alerta"
"All","Tudo"
"All Product Types","Todos os Tipos de Produto"
"All Websites","Todos Websites"
"All products","Todos produtos"
"All products - recently added products, New products - products marked as new","Todos produtos - produtos adicionados recentemente, Novos produtos - produtos marcados como novo"
"All products of this set will be deleted! Are you sure you want to delete this attribute set?","Todos os produtos deste conjunto serão excluídos! Você tem certeza que deseja excluir este conjunto de atributos?"
"Allow All Products per Page","Permitir Todos Produtos por Página"
"Allow Dynamic Media URLs in Products and Categories","Permitir URLs de Mídia Dinâmicas em Produtos e Categorias"
"Allow HTML Tags on Frontend","Permitir Tags HTML no Frontend"
"Allowed File Extensions","Extensões de Arquivo Permitidas"
"Allowed file extensions to upload","Extensões de arquivo permitidas para upload"
"An error occurred while adding products to websites.","Ocorreu um erro ao adicionar produtos para websites"
"An error occurred while clearing comparison list.","Ocorreu um erro ao limpar a lista de comparação."
"An error occurred while deleting this review.","Ocorreu um erro ao excluir esta avaliação."
"An error occurred while removing products from websites.","Ocorreu um erro ao remover produtos de websites."
"An error occurred while saving the URL rewrite","Ocorreu um erro ao salva a reescrita de URL"
"An error occurred while saving the attribute set.","Ocorreu um erro ao ao salvar o conjunto de atributos."
"An error occurred while saving the collection, aborting. Error message: %s","Ocorreu um erro ao ao salvar a coleção, abortando. Mensagem de erro: %s"
"An error occurred while saving the product. ","Ocorreu um erro ao salvar o produto. "
"An error occurred while saving the search query.","Ocorreu um erro ao salvar a pesquisa."
"An error occurred while saving this group.","Ocorreu um erro ao salvar este grupo."
"An error occurred while saving this review.","Ocorreu um erro ao salvar esta avaliação."
"An error occurred while trying to delete the category.","Ocorreu um erro ao tentar excluir esta categoria."
"An error occurred while updating the product(s) attributes.","Ocorreu um erro ao atualizar os atributos do(s) produto(s)."
"An error occurred while updating the product(s) status.","Ocorreu um erro ao atualizar o status do(s) produto(s)."
"An invalid group ID is specified, skipping the record.","Um ID de grupo inválido foi especificado, pulando o registro."
"An invalid option ID is specified for %s (%s), skipping the record.","Um ID de opção inválido foi especificado para %s (%s), pulando o registro."
"An invalid store was specified.","Uma loja inválida foi especificada."
"Anchor Custom Text","Texto Âncora Personalizado"
"Anchor Custom Title","Título Âncora Personalizado"
"Applicable to catalog products and categories only. Any media content will be inserted into editor as a static URL. It is not updated if the system configuration base URL changes.","Aplicável somente ao catálogo de produtos e categorias. Qualquer conteúdo de mídia será inserido no editor como uma URL estática. Não será atualizado se a URL base na configuração do sistema for alterada."
"Apply MAP (Default Value)","Aplicar MAP (Valor Padrão)"
"Apply To","Aplicar Para"
"Approved","Aprovado"
"Are you sure you want to delete this category?","Você tem certeza que deseja excluir esta categoria?"
"Are you sure you would like to remove all products from your comparison?","Você tem certeza que deseja remover todos os produtos de sua comparação?"
"Are you sure you would like to remove this item from the compare products?","Você tem certeza que deseja remover este item dos produtos comparados?"
"Are you sure?","Você tem certeza?"
"As low as:","A partir de:"
"Assign","Atribuir"
"Assign product link","Atribuir vínculo do produto"
"Assign product to category","Atribuir produto à categoria"
"Assigned Products","Produtos Atribuídos"
"Associated Products","Produtos Associados"
"Attrib. Set Name","Nome do Conjunto de Atrib."
"Attribute ""%s"" is invalid.","Atributo ""%s"" é inválido."
"Attribute ""%s"" is required.","Atributo ""%s"" é obrigatório."
"Attribute Information","Informação do Atributo"
"Attribute Model","Modelo do Atributo"
"Attribute Name:","Nome do Atributo:"
"Attribute Set","Conjunto de Atributos"
"Attribute Sets","Conjuntos de Atributos"
"Attribute add","Adição de atributo"
"Attribute code is invalid. Please use only letters (a-z), numbers (0-9) or underscore(_) in this field, first character should be a letter.","Código de atributo é inválido. Por favor use somente letras (a-z), números (0-9) ou sublinhados(_) neste campo, o primeiro caractere deve ser uma letra."
"Attribute group with the \"/name/\" name already exists","Grupo de atributos com o nome \"/nome/\" já existe"
"Attribute remove","Remoção de atributo"
"Attribute with the same code already exists","Atributo com o mesmo código já existe"
"Attributes","Atributos"
"Attrribute names can be specified per store.","Nomes de atributo podem ser especificados por loja."
"Autogenerate","Autogerar"
"Availability:","Disponibilidade:"
"Back","Voltar"
"Backend Model","Modelo Backend"
"Backend Table","Tabela Backend"
"Backend Table Title","Título da Tabela Backend"
"Backorders","Pedidos Retornados"
"Based On","Baseado Em"
"Before Order Confirmation","Antes da Confirmação do Pedido"
"Best Value","Melhor Valor"
"Block after Info Column","Bloco depois da Coluna de Informação"
"Bottom Block Options Wrapper","Pacote de Opções do Bloco Inferior"
"Bottom/Left","Inferior/Esquerda"
"Bottom/Right","Inferior/Direita"
"Browse By","Pesquisar Por"
"Bundle Items","Itens do Pacote"
"Buy %1$s","Comprar %1$s"
"Buy %1$s for","Comprar %1$s por"
"Buy %1$s for %2$s","Comprar %1$s por %2$s"
"Buy %1$s for %2$s (%3$s incl. tax) each","Comprar %1$s por %2$s (%3$s imposto incl.) cada"
"Buy %1$s for %2$s each","Comprar %1$s por %2$s cada"
"Cache Lifetime (Seconds)","Tempo de Vida do Cache (Segundos)"
"Cache refresh needed.","Atualização de cache necessária."
"Can be Divided into Multiple Boxes for Shipping","Pode ser Divido em Múltiplas Caixas para Envio"
"Can be used only with catalog input type Dropdown","Pode ser usado somente com o tipo de campo do catálogo Dropdown"
"Can be used only with catalog input type Dropdown, Multiple Select and Price","Pode ser usado somente com os tipos de campo do catálogo Dropdown, Seleção Múltipla e Preço"
"Can\'t create image.","Não foi possível criar a imagem."
"Cancel","Cancelar"
"Cannot create image.","Não foi possível criar a imagem."
"Cannot create writeable directory '%s'.","Não foi possível criar o diretório gravável '%s'."
"Cart Item Attribute","Atributo de Item do Carrinho"
"Catalog","Catálogo"
"Catalog Category (Anchor)","Categoria do Catálogo (Âncora)"
"Catalog Category (Non-Anchor)","Categoria do Catálogo (Não-Âncora)"
"Catalog Category (Without Subcategories)","Categoria do Catálogo (Sem Subcategorias)"
"Catalog Category Link","Vincular Categoria do Catálogo"
"Catalog New Products List","Lista de Novos Produtos do Catálogo"
"Catalog Price Scope","Escopo de Preço do Catálogo"
"Catalog Product Compare List","Lista de Comparação de Produtos do Catálogo"
"Catalog Product Email to a Friend","Enviar Produto do Catálogo para Amigo por Email"
"Catalog Product Image Gallery Popup","Galeria de Imagens Popup de Produto do Catálogo"
"Catalog Product Link","Vincular Produto do Catálogo"
"Catalog Product View (Any)","Visão de Catálogo do Produto (Qualquer)"
"Catalog Product View (Configurable)","Visão de Catálogo do Produto (Configurável)"
"Catalog Product View (Grouped)","Visão de Catálogo do Produto (Agrupado)"
"Catalog Product View (Simple)","Visão de Catálogo do Produto (Simples)"
"Catalog Product View (Virtual)","Visão de Catálogo do Produto (Virtual)"
"Catalog Section","Seção do Catálogo"
"Catalog Seo Sitemap (Category List)","Sitemap Seo do Catálogo (Lista de Categorias)"
"Catalog Seo Sitemap (Category Tree)","Sitemap Seo do Catálogo (Árvore de Categorias)"
"Catalog Seo Sitemap (Common)","Sitemap Seo do Catálogo (Comum)"
"Catalog Seo Sitemap (Product List)","Sitemap Seo do Catálogo (Lista de Produtos)"
"Catalog URL Rewrites","Reescritas de URL do Catálogo"
"Catalog product custom option values API","API de valores de opção personalizados de produto do catálogo"
"Catalog product custom options API","API de opções personalizadas de produto do catálogo"
"Catalog, Search","Catálogo, Pesquisa"
"Categories","Categorias"
"Categories Sitemap","Sitemap de Categorias"
"Category","Categoria"
"Category API","API de Categoria"
"Category Data","Dados de Categoria"
"Category Flat Data","Dados Flat de Categoria"
"Category Link Block Template","Template em Bloco de Link de Categoria"
"Category Link Inline Template","Template Em Linha de Link de Categoria"
"Category Products","Produtos da Categoria"
"Category Top Navigation","Navegação Superior da Categoria"
"Category URL Suffix","Sufixo de URL da Categoria"
"Category attributes API","API de atributos de categoria"
"Category move error","Erro ao mover categoria"
"Category move error %s","Erro ao mover categoria %s"
"Category move operation is not possible: parent category is equal to child category.","A operação de mover categoria não foi possível: categoria pai é iguala categoria filho."
"Category move operation is not possible: the current category was not found.","A operação de mover categoria não foi possível: a categoria atual não foi encontrada."
"Category move operation is not possible: the new parent category was not found.","A operação de mover categoria não foi possível: a nova categoria pai não foi encontrada."
"Category must be an instance of Mage_Catalog_Model_Category.","A categoria precisa ser uma instância de Mage_Catalog_Model_Category."
"Center","Centro"
"Change","Alterar"
"Change or Retrieve attribute store view","Alterar ou Recuperar visão de loja do atributo"
"Change status","Alterar status"
"Check items to add to the cart or","Verifique os itens para adicionar ao carrinho ou"
"Choose an Option...","Escolha uma Opção..."
"Clear All","Limpar Tudo"
"Clear Price","Limpar Preço"
"Click for price","Clique para o preço"
"Close Window","Fechar Janela"
"Collapse All","Recolher Tudo"
"Comma-separated.","Separados por vírgula."
"Comparable","Comparável"
"Comparable on Front-end","Comparável no Front-end"
"Comparable on the Frontend","Comparável no Frontend"
"Compare","Comparar"
"Compare Products","Comparar Produtos"
"Conditions Combination","Combinação de Condições"
"Configurable Product","Produto Configurável"
"Configurable Product Settings","Configurações de Produto Configurável"
"Configure Product","Configurar Produto"
"Continue","Continuar"
"Copy From Configurable","Copiar do Configurável"
"Country/State","País/Estado"
"Create","Criar"
"Create (Upload)","Criar (Upload)"
"Create Empty","Criar Vazio"
"Create Permanent Redirect for URLs if URL Key Changed","Criar Redirecionamento Permanente para URLs se a Chave da URL for Alterada"
"Create Permanent Redirect for old URL","Criar Redirecionamento Permanente para URL antiga"
"Create Product Settings","Configurações de Criação de Produto"
"Create Simple Associated Product","Criar Produtos Associados Simples"
"Create attribute set based on another set","Criar conjunto de atributos baseado em outro conjunto"
"Create new attribute","Criar novo atributo"
"Create new category","Criar nova categoria"
"Create new product","Criar novo produto"
"Cross-sells","Vendas Cruzadas"
"Currently Shopping by:","Comprando Atualmente por:"
"Custom Design","Design Personalizado"
"Custom Options","Opções Personalizadas"
"Custom options","Opções personalizadas"
"Customer Group","Grupo de Clientes"
"Customers Reviews","Avalições de Clientes"
"Customers Tagged Product","Produto Etiquetado por Clientes"
"Data Type for Saving in Database","Tipo de Dados para Salvar em Banco de Dados"
"Date & Time Custom Options","Opções Personalizadas de Data e Hora"
"Date Fields Order","Ordem de Campos de Data"
"Date Subscribed","Data de Inscrição"
"Datetime","Datetime"
"Decimal","Decimal"
"Declare attribute value saving scope","Declare o escopo para salvar o valor do atributo"
"Default ""What's This"" Text Message","Mensagem de Texto ""O Que é Isto"" Padrão"
"Default Popup Text Message","Mensagem de Texto de Poup Padrão"
"Default Price","Preço Padrão"
"Default Price Navigation Step","Etapa de Navegação de Preços Padrão"
"Default Qty","Qtd Padrão"
"Default Values","Valores Padrões"
"Defines the base currency scope (""Currency Setup"" > ""Currency Options"" > ""Base Currency"").","Define o escopo de moeda base (""Configuração de Moeda"" > ""Opções de Moeda"" > ""Moeda Base"")."
"Delete","Excluir"
"Delete Attribute","Excluir Atributo"
"Delete Attribute Set","Excluir Conjunto de Atributos"
"Delete Category","Excluir Categoria"
"Delete Group Price","Excluir Preço Agrupado"
"Delete Option","Excluir Opção"
"Delete Row","Excluir Linha"
"Delete Search","Excluir Pesquisa"
"Delete Selected Group","Excluir Grupo Selecionado"
"Delete Tier","Excluir Nível"
"Delete attribute","Excluir atributo"
"Delete category","Excluir categoria"
"Delete product","Excluir produto"
"Depends on design theme","Depende do tema de design"
"Design","Design"
"Details","Detalhes"
"Disabled","Desabilitado"
"Disallowed file type.","Tipo de arquivo não permitido."
"Display Actual Price","Exibir Preço Atual"
"Display Page Control","Exibir Controle de Página"
"Display Price Interval as One Price","Exibir Intervalo de Preço como Um Preço"
"Display Product Count","Exibir Contagem do Produto"
"Display Type","Exibir Tipo"
"Display in Suggested Terms","Exibir nos Termos Sugeridos"
"Double click on a group to rename it","Clique duplo em um grupo para renomeá-lo"
"Double click on above image to view full picture","Clique duplo na imagem acima para visualizar a imagem em tamanho real"
"Downloadable Information","Informação Baixável"
"Duplicate","Duplicar"
"Duplicate website group price customer group.","Grupo de clientes de preço agrupado de website duplicado."
"Duplicate website tier price customer group and quantity.","Grupo de clientes de preço em níveis de website e quantidade duplicados."
"Duplicate website, country and state tax found.","Imposto de website, país e estado duplicados encontrados."
"E.g. {{media url=""path/to/image.jpg""}} {{skin url=""path/to/picture.gif""}}. Dynamic directives parsing impacts catalog performance.","Ex. {{media url=""caminho/para/imagem.jpg""}} {{skin url=""caminho/para/imagem.gif""}}. Substituição de diretivas dinâmicas impacta na performance do catálogo."
"Edit","Editar"
"Edit Attribute Set '%s'","Editar Conjunto de Atributos '%s'"
"Edit Product Attribute","Editar Atributo de Produto"
"Edit Product Attribute ""%s""","Editar Atributo de Produto ""%s"""
"Edit Search","Editar Pesquisa"
"Edit Search '%s'","Editar Pesquisa '%s'"
"Edit Set Name","Editar Nome do Conjunto"
"Email","Email"
"Email to a Friend","Enviar para um Amigo"
"Empty","Vazio"
"Enable MAP","Habilitar MAP"
"Enable Qty Increments","Habilitar Incrementos de Qtd"
"Enable WYSIWYG","Habilitar WYSIWYG"
"Enable for reindexing a big number of SKUs.","Habilitar para reindexação de um grande número de SKUs."
"Enabled","Habilitado"
"Error during retrieval of option value: %s","Erro durante a recuperação do valor de opção: %s"
"Exclude","Excluir"
"Expand All","Expandir Tudo"
"Failed","Falhou"
"Failed to copy file %s. Please, delete media with non-existing images and try again.","Falha ao copiar o arquivo %s. Por favor, exclua a mídia com as imagens não existentes e tente novamente."
"Failed to move file: %s","Falha ao mover o arquivo: %s"
"Feature Products","Destacar Produtos"
"Field is not complete","Campo não está completo"
"File options format is not valid.","Formato de opções de arquivo não é válido."
"File upload failed","Upload do arquivo falhou"
"Filter model name must be declared.","Nome do modelo do filtro deve ser declarado."
"Filter must be an object. Please set correct filter.","Filtro deve ser um objeto. Por favor defina o filtro correto."
"Filterable (no results)","Filtrável (sem resultados)"
"Filterable (with results)","Filtrável (com resultados)"
"First Name","Primeiro Nome"
"Fixed","Fixo"
"For internal use.","Para uso interno."
"For the last time placed.","Pela última vez colocado."
"Frontend","Frontend"
"Frontend Model","Modelo Frontend"
"Frontend Properties","Propriedades Frontend"
"Gallery","Galeria"
"General Information","Informação Geral"
"Get full information about attribute with list of options","Obter informações completas sobre atributo com lista de opções"
"Get full information about custom option in product","Obter informações completas sobre a opção personalizada no produto"
"Get list of available custom option types","Obter lista de tipos de opção personalizados disponíveis"
"Get list of non-default attributes by product type and attributes set","Obter a lista de atributos não-padrão por tipo de produto e conjunto de atributos"
"Get list of possible attribute types","Obter lista de possíveis tipos de atributos"
"Get special price","Obter preço especial"
"Global","Global"
"Globally Editable","Editável Globalmente"
"Go to Home Page","Ir para a Página Inicial"
"Grid","Grade"
"Group add","Adição de grupo"
"Group remove","Remoção de grupo"
"Grouped Product","Produto Agrupado"
"Groups","Grupos"
"Home","Início"
"ID","ID"
"ID: %s","ID: %s"
"If empty, the Category Name will be used","Se vazio, o Nome da Categoria será usado"
"If empty, the Product Name will be used","Se vazio, o Nome do Produto será usado"
"If you do not specify an option value for a specific store view then the default (Admin) value will be used.","Se você não especifica um valor de opção para uma visão de loja específica então o valor padrão (Admin) será usado."
"Image","Imagem"
"Image content is not valid base64 data.","O conteúdo da imagem não são dados base64 válidos."
"Image does not exist.","Imagem não existe."
"Image file was not found.","Arquivo de imagem não foi encontrado."
"Image type and information need to be specified for each store view.","Tipo da imagem e informações precisam ser especificados para cada visão de loja."
"In Cart","No Carrinho"
"In Stock","Em Estoque"
"In stock","Em estoque"
"Incl. Tax","Imposto Incl."
"Index product and categories URL rewrites","Indexar as reescritas de URL de produtos e categorias"
"Index product attributes for layered navigation building","Indexar atributos de produtos para a contrução de navegação em camadas"
"Index product prices","Indexar preços dos produtos"
"Indexed category/products association","Associação de categoria/produtos indexados"
"Info","Info"
"Info Column Options Wrapper","Pacote de Opções de Coluna de Informações"
"Input Type","Tipo do Campo"
"Integer","Inteiro"
"Interval Division Limit","Limite de Divisão de Intervalo"
"Invalid Tier Prices","Preços em Nível Inválido"
"Invalid attribute %s","Atributo inválido %s"
"Invalid attribute option specified for attribute %s (%s), skipping the record.","Opção de atributo inválida especificada para o atributo %s (%s), ignorando o registro."
"Invalid attribute set specified, skipping the record.","Conjunto de atributos especificado inválido, ignorando o registro."
"Invalid block: %s.","Bloco inválido: %s."
"Invalid category IDs.","IDs de categoria inválidos."
"Invalid category.","Categoria inválida."
"Invalid image file type.","Tipo de arquivo de imagem inválido."
"Invalid image type.","Tipo de imagem inválido."
"Invalid option ID specified for %s (%s), skipping the record.","ID de opção inválido especificado para %s (%s), ignorando o registro."
"Invalid product type specified, skipping the record.","Tipo de produto inválido especificado, ignorando o registro."
"Invalid store specified","Loja inválida especificada"
"Invalid store specified, skipping the record.","Loja inválida especificada, ignorando o registro."
"Invalid tier prices. The product is not associated to the requested website.","Preços em nível inválidos. O produto não está associado ao website solicitado."
"Inventory","Inventário"
"Is Default","É Padrão"
"Is Required","É Obrigatório"
"Items %s to %s of %s total","Itens %s até %s de %s no total"
"Items that you do not want to show in the catalog or search results should have status 'Disabled' in the desired store.","Itens que você não quer exibir no catálogo ou resultados de pesquisa devem ter o status 'Desabilitado' na loja desejada."
"Items that you don't want to show in the catalog or search results should have status 'Disabled' in the desired store.","Itens que você não quer exibir no catálogo ou resultados de pesquisa devem ter o status 'Desabilitado' na loja desejada."
"Keep your eyes open for our special Back to School items and save A LOT!","Fique de olhos abertos nas promoções de volta as aulas e economize MUITO!"
"Label","Etiqueta"
"Last Name","Último Nome"
"Last Notification","Última Notificação"
"Layered Navigation","Navegação em Camadas"
"Learn More","Saiba Mais"
"Line %d, Email: %s","Linha %d, Email: %s"
"Line %d, SKU: %s","Linha %d, SKU: %s"
"Link (Related, Up sell, Cross sell)","Vínculo (Relacionado, Venda induzida, Venda cruzada)"
"Link product does not exist.","Produto vinculado não existe."
"Link to a Specified Category","Vincular à uma Categoria Especificada"
"Link to a Specified Product","Vincular à um Produto Especificado"
"List","Lista"
"List Mode","Modo de Listagem"
"List of Products that are set as New","Lista de Produtos que estão definidos como Novo"
"List of types","Lista de tipos"
"Manage Attribute Sets","Gerenciar Conjuntos de Atributos"
"Manage Attributes","Gerenciar Atributos"
"Manage Catalog Categories","Gerenciar Categorias do Catálogo"
"Manage Categories","Gerenciar Categorias"
"Manage Label / Options","Gerenciar Etiqueta / Opções"
"Manage Options (values of your attribute)","Gerenciar Opções (valores de seus atributos)"
"Manage Product Attributes","Gerenciar Atributos de Produto"
"Manage Product Sets","Gerenciar Conjuntos de Produto"
"Manage Products","Gerenciar Produtos"
"Manage Stock","Gerenciar Estoque"
"Manage Titles (Size, Color, etc.)","Gerenciar Títulos (Tamanho, Cor, etc.)"
"Max Characters","Caracteres Max"
"Maximal Depth","Profundidade Máxima"
"Maximum Image Size","Tamanho Máxio de Imagem"
"Maximum Number of Price Intervals","Número Máximo de Intervalos de Preço"
"Maximum Qty Allowed in Shopping Cart","Qtd Máxima Permitida no Carrinho de Compras"
"Maximum allowed image size for '%s' is %sx%s px.","Tamanho de imagem máximo permitido para '%s' é %sx%s px."
"Maximum image height","Altura máxima de imagem"
"Maximum image width","Largura máxima de imagem"
"Maximum number of characters:","Número máximo de caracteres:"
"Maximum number of price intervals is 100","Número máximo de intervalos de preço é 100"
"Media Image","Imagem de Mídia"
"Minimum Advertised Price","Preço Mínimo Anunciado"
"Minimum Lines per Page","Mínimo de Linhas por Página"
"Minimum Qty Allowed in Shopping Cart","Qtd Mínima Permitida no Carrinho de Compras"
"Minimum Qty for Item\'s Status to be Out of Stock","Qtd Mínima para o Status do Item ficar Fora de Estoque"
"Missing SKU, skipping the record.","SKU ausente, ignorando o registro."
"More Views","Mais Visualizações"
"Move","Mover"
"Move category in tree","Mover categoria em árvore"
"Must be in the allowed values list.","Precisa estar na lista de valores permitidos."
"N/A","N/D"
"Name","Nome"
"Name in %s","Nome em %s"
"New Product","Novo Produto"
"New Product Attribute","Novo Atributo de Produto"
"New Products","Novos Produtos"
"New Products Grid Template","Template em Grade de Novos Produtos"
"New Products List Template","Template em Lista de Novos Produtos"
"New Root Category","Nova Categoria Raiz"
"New Search","Nova Pesquisa"
"New Set Name","Novo Nome de Conjunto"
"New Subcategory","Nova Subcategoria"
"New products","Novos produtos"
"Next","Próximo"
"No","Não"
"No image","Sem imagem"
"No layout updates","Sem atualizações de layout"
"No options of this product are available.","Nenhuma opção deste produto está disponível."
"No product collections found.","Nenhuma coleção de produto foi encontrada."
"None","Nenhum"
"Not Visible Individually","Não Visível Individualmente"
"Notify Low Stock RSS","RSS de Notificação de Estoque Baixo"
"Notify for Quantity Below","Notificar para Quantidade Abaixo"
"Number of Products per Page","Número de Produtos por Página"
"Number of Products to Display","Número de Produtos para Exibir"
"Number of Uses","Número de Usos"
"Number of results","Número de resultados"
"Number of results (For the last time placed)","Número de resultados (Pela última vez colocado)"
"OK","OK"
"OR","OU"
"Old Price:","Preço Antigo:"
"On Gesture","Em Gestos"
"Option validation failed to add product to cart.","Validação de opção falhou para adicionar o produto no carrinho."
"Option values","Valores de opção"
"Option:","Opção:"
"Options","Opções"
"Options Control","Controle de Opções"
"Options is required","Opções são obrigatórias"
"Our customer service is available 24/7. Call us at (555) 555-0123.","Nosso serviço de atendimento está disponível 24/7. Ligue para (555) 555-0123."
"Out of Stock","Fora de Estoque"
"Out of stock","Fora de estoque"
"PM","PM"
"Page Title Separator","Separador do Título da Página"
"Parent Category","Categoria Pai"
"Pending","Pendente"
"Pending Reviews RSS","RSS de Avaliações Pendentes"
"Percentage","Porcentagem"
"Please add rows to option.","Por favor adicione linhas na opção."
"Please be careful as once you click on the row it will load package data form the selected file and all unsaved form data will be lost.","Por favor, tome cuidado, pois uma vez que você clicar na linha serão carregados os dados do pacote do arquivo selecionado e todos os dados do formulário não salvos serão perdidos."
"Please click on the Close Window button if it is not closed automatically.","Por favor, clique no botão Fechar Janela, se não for fechada automaticamente."
"Please enter a new group name","Por favor digite um novo nome do grupo"
"Please refresh ""Catalog URL Rewrites"" and ""Product Attributes"" in System -&gt; <a href=""%s"">Index Management</a>","Por favor atualize ""Reescritas de URL do Catálogo"" e ""Atributos do Produto"" em Sistema -&gt; <a href=""%s"">Gerenciamento de Índice</a>"
"Please select a static block ...","Por favor selecione um bloco estático ..."
"Please select items.","Por favor selecione itens."
"Please select one or more attributes.","Por favor selecione um ou mais atributos."
"Please select product(s).","Por favor selecione produto(s)."
"Please select products for attributes update","Por favor, selecione os produtos para atualização de atributos"
"Please specify date required option(s).","Por favor especifique as opções obrigatórias de data."
"Please specify the number of products, that will not be divided into subintervals.","Por favor especifique o número de produtos, que não serão divididos em subintervalos."
"Please specify the product required option(s)","Por favor especifique as opções obrigatórias do produto"
"Please specify the product required option(s).","Por favor especifique as opções obrigatórias do produto."
"Please specify the product\'s option(s).","Por favor especifique as opções do produto."
"Please specify the product\'s required option(s).","Por favor especifique as opções obrigatórias do produto."
"Please specify the quantity of product(s).","Por favor especifique a quantidade de produtos."
"Please specify time required option(s).","Por favor especifique as opções obrigatórias de hora."
"Please wait...","Por favor espere..."
"Position","Posição"
"Position in Layered Navigation","Posição na Navegação em Camadas"
"Position of attribute in layered navigation block","Posição do atributo no bloco de navegação em camadas"
"Prev","Anterior"
"Previous","Anterior"
"Price","Preço"
"Price Navigation Step Calculation","Cálculo de Etapa de Navegação de Preço"
"Price Type","Tipo de Preço"
"Price is not available","Preço não está disponível"
"Price values for options should be specified in system base currency.","Valores de preço para as opções devem ser especificados na moeda base do sistema."
"Price:","Preço:"
"Price: %s","Preço: %s"
"Print This Page","Imprimir Esta Página"
"Product","Produto"
"Product API","API de Produto"
"Product Alerts","Alertas de Produto"
"Product Attribute","Atributo de Produto"
"Product Attributes","Atributos de Produto"
"Product Categories","Categorias de Produto"
"Product Description","Descrição de Produto"
"Product Extra Info","Info Extra do Produto"
"Product Flat Data","Dados Flat de Produto"
"Product ID","ID do Produto"
"Product Image Placeholders","Espaço Reservado de Imagem de Produto"
"Product Image Watermarks","Marca D\'água de Imagem de Produto"
"Product Images","Imagens de Produto"
"Product Images API","API de Imagens de Produto"
"Product In Websites","Produto Em Websites"
"Product Info Column","Coluna de Informação de Produto"
"Product Information","Informações do Produto"
"Product Link Block Template","Template em Bloco de Link de Produto"
"Product Link Inline Template","Template Em Linha de Link de Produto"
"Product Listing Sort by","Listagem de Produtos Ordenada por"
"Product Name","Nome do Produto"
"Product Prices","Preços do Produto"
"Product Reviews","Avaliações de Produto"
"Product Tags","Tags de Produto"
"Product Tier Price API","API de Preço em Nível do Produto"
"Product Type","Tipo do Produto"
"Product URL Suffix","Sufixo da URL do Produto"
"Product View Extra Hint","Sugestão Extra na Visualização do Produto"
"Product attribute sets API","API de conjuntos de atributo de produto"
"Product attributes API","API de atributos de produto"
"Product collection expected.","Coleção de produtos esperada."
"Product is not loaded","Produto não está carregado"
"Product links API (related, cross sells, up sells)","API de produtos vinculados (relacionados, vendas cruzadas, vendas induzidas)"
"Product types API","API de tipos de produto"
"Product with this combination of attributes already associated to configurable.","Produto com esta combinação de atributos já está associado ao configurável."
"Products","Produtos"
"Products Comparison List","Lista de Comparação de Produtos"
"Products Information","Informações de Produtos"
"Products Reviews","Avaliações de Produtos"
"Products Sitemap","Sitemap de Produtos"
"Products only","Somente produtos"
"Products per Page on Grid Allowed Values","Valores Permitidos de Produtos por Página em Grade"
"Products per Page on Grid Default Value","Valor Padrão de Produtos por Página em Grade"
"Products per Page on List Allowed Values","Valores Permitidos de Produtos por Página em Lista"
"Products per Page on List Default Value","Valor Padrão de Produtos por Página em Lista"
"Properties","Propriedades"
"Qty","Qtd"
"Qty Increments","Incrementos de Qtd"
"Qty Uses Decimals","Qtd Usa Decimais"
"Qty for Item\'s Status to Become Out of Stock","Qtd para o Status do Item ficar Fora de Estoque"
"Qty:","Qtd:"
"Quantity","Quantidade"
"Quick Create","Criação Rápida"
"Quick Overview","Resumo Rápido"
"Quick simple product creation","Criação rápida de produto simples"
"Records for ""%s"" store found.","Registros para loja ""%s"" encontrados."
"Redirect","Redirecionar"
"Redirect URL","URL de Redirecionamento"
"Regular Price:","Preço Regular:"
"Related Products","Produtos Relacionados"
"Remove","Remover"
"Remove Product From Websites","Remover Produto De Websites"
"Remove This Item","Remover Este Item"
"Remove attribute from attribute set","Remover atributo do conjunto de atributos"
"Remove attribute set","Remover conjunto de atributos"
"Remove custom option","Remover opção personalizada"
"Remove group from attribute set","Remover grupo do conjunto de atributos"
"Remove option","Remover opção"
"Remove product assignment","Remover atribuição do produto"
"Remove product image","Remover imagem do produto"
"Remove product link","Remover vínculo do produto"
"Remove value from custom option","Remover valor da opção personalizada"
"Rename existing group","Renomear grupo existente"
"Rename group","Renomear grupo"
"Reorganize EAV category structure to flat structure","Reorganizar estrutura de categoria EAV para estrutura flat"
"Reorganize EAV product structure to flat structure","Reorganizar estrutura de produto EAV para estrutura flat"
"Reset","Redefinir"
"Results","Resultados"
"Retrieve attribute data","Recuperar dados de atributos"
"Retrieve attribute list","Recuperar lista de atributos"
"Retrieve attribute options","Recuperar opções de atributos"
"Retrieve categories tree","Recuperar árvore de categorias"
"Retrieve category attributes","Recuperar atributos de categoria"
"Retrieve category data","Recuperar dados de categoria"
"Retrieve hierarchical tree","Recuperar árvore hierárquica"
"Retrieve linked products","Recuperar produtos vinculados"
"Retrieve list of assigned products","Recuperar lista de produtos atribuídos"
"Retrieve list of option values","Recuperar lista de valores de opção"
"Retrieve list of product custom options","Recuperar lista de opções personalizadas de produtos"
"Retrieve one level of categories by website/store view/parent category","Recuperar um nível de categorias por website/loja visão/categoria pai"
"Retrieve option value info","Recuperer info do valor de opção"
"Retrieve product","Recuperar produto"
"Retrieve product attribute sets","Recuperar conjuntos de atributos de produto"
"Retrieve product image","Recuperar imagem de produto"
"Retrieve product image list","Recuperar lista de imagens de produto"
"Retrieve product image types","Recuperar tipos de imagem de produto"
"Retrieve product link type attributes","Recuperar atributos de tipo de vínculo de produto"
"Retrieve product link types","Recuperar tipos de vínculo de produto"
"Retrieve product tier prices","Recuperar preços em nível de produto"
"Retrieve product types","Recuperar tipos de produto"
"Retrieve products data","Recuperar dados de produtos"
"Retrieve products list by filters","Recuperar lista de produtos por filtros"
"Reviews","Avaliações"
"Roll Over for preview","Passe o Mouse para visualizar"
"Root","Raíz"
"SKU","SKU"
"SKU length should be %s characters maximum.","Comprimento do SKU deve ser de, no máximo, %s caracteres."
"Save","Salvar"
"Save Attribute","Salvar Atributo"
"Save Attribute Set","Salvar Conjunto de Atributos"
"Save Category","Salvar Categoria"
"Save Search","Salvar Pesquisa"
"Save and Continue Edit","Salvar e Continuar Editando"
"Saved %d record(s)","%d registro(s) salvo(s)"
"Scope","Escopo"
"Scope must not be changed, because the attribute is used in configurable products.","Escopo não deve ser alterado, porque o atributo é usado em produtos configuráveis."
"Search","Pesquisa"
"Search Engine Optimizations","Otimizações do Mecanismo de Pesquisa"
"Search Information","Informação de Pesquisa"
"Search Query","Consulta de Pesquisa"
"Search Term with such search query already exists.","Termo de Pesquisa com est consulta de pesquisa já existe."
"Searchable","Pesquisável"
"See price before order confirmation.","Veja o preço antes da confirmação do pedido."
"Select Category...","Selecione uma Categoria..."
"Select Configurable Attributes ","Selecione Atributos Configuráveis "
"Select Product...","Selecione um Produto..."
"Select type of option","Selecione o tipo de opção"
"Select type options required values rows.","Selecione as linhas de valores obrigatórias das opções do tipo."
"Selected Product Types","Tipos de Produto Selecionados"
"Send Count","Contagem de Envios"
"Set Ascending Direction","Definir Direção Ascendente"
"Set Descending Direction","Definir Direção Descendente"
"Set Name","Definir Nome"
"Set Root Category for Store","Definir Categoria Raiz para Loja"
"Set root category for this store in the <a href=""%s"">configuration</a>","Defina a categoria raiz para esta loja na <a href=""%s"">configuração</a>"
"Set special price","Definir preço especial"
"Set/Get current store view","Definir/Obter visão de loja atual"
"Settings","Configurações"
"Shop By","Comprar Por"
"Shopping Options","Opções de Compra"
"Show","Exibir"
"Show Details","Exibir Detalhes"
"Show Tags","Exibir Tags"
"Simple Product","Produto Simples"
"Site Map","Mapa do Site"
"Sitemap","Sitemap"
"Skip import row, is not valid value ""%s"" for field ""%s""","Ignorar linha de importação, não é um valor válido ""%s"" para o campo ""%s"""
"Skip import row, required field ""%s"" for the new customer is not defined.","Ignorar linha de importação, campo obrigatório ""%s"" para o novo cliente não está definido."
"Skip import row, the value ""%s"" is invalid for field ""%s""","Ignorar linha de importação, o valor ""%s"" é inválido para o campo ""%s"""
"Skipping import row, required field ""%s"" for new products is not defined.","Ignorando linha de importação, campo obrigatório ""%s"" para novos produtos não está definido."
"Skipping import row, required field ""%s"" is not defined.","Ignorando linha de importação, campo obrigatório ""%s"" não está definido."
"Skipping import row, store ""%s"" field does not exist.","Ignorando linha de importação, o campo de loja ""%s"" não existe."
"Skipping import row, the value ""%s"" is not valid for the ""%s"" field.","Ignorando linha de importação, o valor ""%s"" não é válido para o campo ""%s""."
"Some of the processed products have no SKU value defined. Please fill it prior to performing operations on these products.","Alguns dos produtos processados não tem um valor de SKU definido. Por favor preenchê-los antes de executar qualquer operação nestes produtos."
"Some of the selected item options are not currently available.","Algumas das opções do item selecionadas não estão disponíveis no momento."
"Sort By","Classificar Por"
"Sort Order","Ordem de Classificação"
"Source Model","Modelo de Origem"
"Special Expires On: %s","Especial Expira Em: %s"
"Special Price:","Preço Especial:"
"Special Price: %s","Preço Especial: %s"
"Starting at:","A partir de:"
"Static","Estático"
"Static block and products","Bloco estático e produtos"
"Static block only","Somente bloco estático"
"Status","Status"
"Stock Availability","Disponibilidade do Estoque"
"Store","Loja"
"Store View","Visão de Loja"
"Stretch","Esticar"
"Subscribe to RSS Feed","Assinar o feed RSS"
"Super product attributes configuration","Configuração de atributos de super produtos"
"Synonym For","Sinônimo Para"
"System Properties","Propriedades do Sistema"
"Tag Name","Nome da Tag"
"Tax","Imposto"
"Template","Template"
"Text","Texto"
"The Flat Catalog module has a limit of %2\$d filterable and/or sortable attributes. Currently there are %1\$d of them. Please reduce the number of filterable/sortable attributes in order to use this module","O módulo de Catálogo Flat tem um limite de %2\$d atributos filtráveis e/ou classificáveis. Atualmente há %1\$d deles. Por favor reduza o número de atributos filtráveis e/ou classificáveis a fim de utilizar este módulo."
"The From Date value should be less than or equal to the To Date value.","O valor da Data de Início deve ser menor que ou igual ao valor da Data de Término."
"The attribute code \'%s\' is reserved by system. Please try another attribute code","O código de atributo \'%s\' é reservado pelo sistema. Por favor tente um outro código de atributo"
"The attribute model is not defined","O modelo do atributo não está definido"
"The attribute set has been saved.","O conjunto de atributos foi salvo."
"The base directory to upload file is not specified.","O diretório base para enviar arquivos não está especificado."
"The category has been deleted.","A categoria foi excluída."
"The category has been saved.","A categoria foi salva."
"The comparison list was cleared.","A lista de comparação foi limpa."
"The file '%s' for '%s' has an invalid extension","O arquivo '%s' para '%s' tem uma extensão inválida"
"The file '%s' you uploaded is larger than %s Megabytes allowed by server","O arquivo '%s' que você enviou é maior que %s Megabytes permitidos pelo servidor"
"The file you uploaded is larger than %s Megabytes allowed by server","O arquivo que você enviou é maior que %s Megabytes permitidos pelo servidor"
"The filters must be an array.","Os filtros devem ser uma array."
"The image contents is not valid base64 data.","O conteúdo da imagem não são dados base64 válidos."
"The image is not specified.","A imagem não foi especificada."
"The model collection resource name is not defined.","O nome do recurso do modelo da coleção não está definido."
"The product %s has been added to comparison list.","O produto %s foi adicionado a lista de comparação."
"The product %s has been removed from comparison list.","O produto %s foi removido da lista de comparação."
"The product attribute has been deleted.","O atributo do produto foi excluído."
"The product attribute has been saved.","O atributo do produto foi salvo."
"The product has been created.","O produto foi criado."
"The product has been deleted.","O produto foi excluído."
"The product has been duplicated.","O produto foi duplicado."
"The product has been saved.","O produto foi salvo."
"The product has required options","O produto contém opções obrigatórias"
"The review has been deleted","A avaliação foi excluída"
"The review has been saved.","A avaliação foi salva."
"The review was removed by another user or does not exist.","A avaliação foi removida por um outro usuário ou não existe."
"The search was deleted.","A pesquisa foi excluída."
"The text is too long","O texto é muito longo"
"There are no %s available.","Não há %s disponível."
"There are no customers for this alert","Não há clientes para este alerta"
"There are no customers for this alert.","Não há clientes para este alerta."
"There are no products matching the selection.","Não há produtos com esta seleção."
"There was an error while request processing.","Ocorreu um erro ao no processamento da solicitação."
"This Attribute no longer exists","Este Atributo não existe mais"
"This attribute cannot be deleted.","Este atributo não pode ser excluído."
"This attribute cannot be edited.","Este atributo não pode ser editado."
"This attribute cannot be updated.","Este atributo não pode ser atualizado."
"This attribute is used in configurable products.","Este atributo é usado para produtos configuráveis."
"This attribute is used in configurable products. You cannot remove it from the attribute set.","Este atributo é usado para produtos configuráveis. Você não pode removê-lo do conjunto de atributos."
"This attribute no longer exists","Este atributo não existe mais"
"This attribute set no longer exists.","Este conjunto de atributos não existe mais."
"This group contains attributes, used in configurable products. Please move these attributes to another group and try again.","Este grupo contèm atributos, usado em produtos configuráveis. Por favor mova estes atributos para um outro grupo e tente novamente."
"This group contains system attributes. Please move system attributes to another group and try again.","Este grupo contém atributos de sistema. Por favor mova os atributos de sistema para um outro grupo e tente novamente."
"This is a required option","Esta opção é obrigatória"
"This product no longer exists.","Este produto não existe mais."
"This search no longer exists.","Esta pesquisa não existe mais."
"This setting will be applied when all prices in the specific price interval are equal.","Esta definição será aplicada quando todos os preços no intervalo de preços específico forem iguais."
"Tier Pricing","Preço de Nível"
"Tile","Lado a Lado"
"Time Format","Formato da Hora"
"Title","Título"
"To reindex the enabled product(s), the store or product must be specified","Para reindexar o(s) produto(s) habilitado(s), a loja ou produto devem ser especificados"
"To see product price, add this item to your cart. You can always remove it later.","Para ver o preço do produto, adicione este item ao seu carrinho. Você poderá removê-lo depois."
"Top/Left","Topo/Esquerda"
"Top/Right","Topo/Direita"
"Total Qty Base Items","Qtd Total de Itens Base"
"Total incl. Tax: %1$s","Imposto incl. Total: %1$s"
"Total of %d record(s) have been deleted.","Total de %d registros foram excluídos."
"Total of %d record(s) have been updated.","Total de %d registros foram atualizados."
"Total of %d record(s) were updated","Total de %d registros foram atualizados"
"Type","Tipo"
"URL Rewrite Management","Gerenciamento de Reescrita de URL"
"Unable to complete this request.","Não foi possível completar esta solicitação."
"Unable to find a search term to delete.","Não foi possível encontrar um termo de pesquisa para excluir."
"Unable to find an attribute to delete.","Não foi possível encontrar um atributo para excluir."
"Unable to get the product ID.","Não foi possível obter o ID do produto."
"Unassigned Attributes","Atributos Não Vinculados"
"Unknown EAV indexer type ""%s"".","Tipo de indexador EAV desconhecido ""%s""."
"Unknown attribute: %s.","Atributo desconhecido: %s."
"Unsupported product type ""%s"".","Tipo de produto não suportado ""%s""."
"Up-sells","Vendas Induzidas"
"Update","Atualizar"
"Update Attributes","Atualizar Atributos"
"Update Tier Price","Atualizar Preço em Nível"
"Update assigned product","Atualizar produto atribuído"
"Update attribute","Atualizar atributo"
"Update attributes","Atualizar atributos"
"Update category","Atualizar categoria"
"Update custom option of product","Atualizar opção personalizada de produto"
"Update product","Atualizar produto"
"Update product image","Atualizar imagem do produto"
"Update product link","Atualizar link do produto"
"Update product tier prices","Atualizar preços em nível do produto"
"Update value of custom option","Atualizar valor de opção personalizada"
"Upload new product image ","Enviar nova imagem de produto "
"Use Canonical Link Meta Tag For Categories","Usar Meta Tag de Link Canônico Para Categorias"
"Use Canonical Link Meta Tag For Products","Usar Meta Tag de Link Canônico Para Produtos"
"Use Categories Path for Product URLs","Usar Caminho de Categorias para URLs de Produto"
"Use Config Settings","Usar Definições de Config"
"Use Default Value","Usar Valor Padrão"
"Use Flat Catalog Category","Usar Categoria de Catálogo Flat"
"Use Flat Catalog Product","Usar Produto de Catálogo Flat"
"Use In Layered Navigation","Usar na Navegação em Camadas"
"Use In Search Results Layered Navigation","Usar nos Resultados de Pesquisa de Navegação em Camadas"
"Use JavaScript Calendar","Usar Calendário Javascript"
"Use Static URLs for Media Content in WYSIWYG for Catalog","Usar URLs Estáticas para Conteúdo de Mídia no WYSIWYG para o Catálogo"
"Use To Create Configurable Product","Usar Para Criar Produto Configurável"
"Use Tree Like Category Sitemap","Usar Sitemap de Categoria Como Árvore"
"Use config","Usar configuração"
"Use default","Usar padrão"
"Use for Promo Rule Conditions","Usar para Condições de Regra de Promoção"
"Use four-digit year format.","Usar formato do ano de quatro dígitos."
"Use in Advanced Search","Usar na Pesquisa Avançada"
"Use in Layered Navigation","Usar na Navegação em Camadas"
"Use in Layered Navigation<br/>(Can be used only with catalog input type 'Dropdown')","Usar na Navegação em Camadas<br/>(Só pode ser usado com o tipo de campo de catálogo 'Dropdown')"
"Use in Quick Search","Usar na Pesquisa Rápida"
"Used for Sorting in Product Listing","Usado para Classificação na Listagem de Produtos"
"Used in Product Listing","Usado na Listagem de Produtos"
"Value for ""%s"" is invalid.","Valor para ""%s"" é inválido."
"Value for ""%s"" is invalid: %s","Valor para ""%s"" é inválido: %s"
"Varchar","Varchar"
"View as","Exibir como"
"Virtual Product","Produto Virtual"
"Visibility","Visibilidade"
"Visible","Visível"
"Visible on Catalog Pages on Front-end","Visível nas Páginas do Catálogo no Front-end"
"Visible on Product View Page on Front-end","Visível na Página de Exibição de Produto no Front-end"
"WYSIWYG Editor","Editor WYSIWYG"
"Watermark","Marca D\'água"
"Watermark Default Size","Tamanho Padrão da Marca D\'água"
"Watermark Opacity, Percent","Opacidade da Marca D\'água, Percentual"
"Watermark Position","Posição da Marca D\'água"
"We Also Recommend","Recomendamos Também"
"Website","Website"
"Websites","Websites"
"What's this?","O que é isto?"
"Whether to show ""All"" option in the ""Show X Per Page"" dropdown.","Se desejar exibir a opção ""Todos"" no campo ""Exibir X Por Página""."
"Will make search for the query above return results for this search.","Fara com que a pesquisa para a consulta abaixo retorne resultados para esta pesquisa."
"Wrong BuyRequest instance in options group.","Instância BuyRequest incorreta no grupo de opções."
"Wrong configuration item instance in options group.","Instância de item de configuração incorreto no grupo de opções."
"Wrong configuration item option instance in options group.","Instância de opção de item de configuração incorreto no grupo de opções."
"Wrong option instance type in options group.","Tipo de instância de opção incorreto no grupo de opções."
"Wrong option type to get group instance.","Tipo de opção incorreto para obter a instância do grupo."
"Wrong product instance type in options group.","Tipo de instância de produto incorreto no grupo de opções."
"Wrong product type filter specified","Filtro de tipos de produtos incorreto especificado"
"Wrong product type to extract configurable options.","Tipo de produto incorreto para extrair as opções configuráveis."
"Year Range","Intervalo de Ano"
"Yes","Sim"
"You cannot remove system attribute from this set.","Você não pode remover atributos de sistema deste conjunto."
"You have no items to compare.","Você não possui itens para comparar."
"You may also be interested in the following product(s)","Você pode também estar interessado no(s) seguinte(s) produto(s)"
"Zoom In","Ampliar"
"Zoom Out","Reduzir"
"and","e"
"and above","e acima"
"categories","categorias"
"each","cada"
"ex. http://domain.com","ex. http://dominio.com.br"
"leave blank if its not an image","deixe em branco se não for uma imagem"
"per page","por página"
"products","produtos"
"px.","px."
"save","salvar"
"select all","selecionar tudo"
"unselect all","desmarcar todos"
"x","x"
