" The customer does not exist in the system anymore."," O cliente não existe mais no sistema."
" [deleted]"," [excluído]"
" and "," e "
"%s (Default Template from Locale)","%s (Template Padrão do Idioma)"
"%s cache type(s) disabled.","%s tipo(s) de cache desabilitado(s)."
"%s cache type(s) enabled.","%s tipo(s) de cache habilitado(s)."
"%s cache type(s) refreshed.","%s tipo(s) de cache atualizado(s)."
"(For Type ""Local Server"" need to use relative path to Magento install var/export or var/import, e.g. var/export, var/import, var/export/some/dir, var/import/some/dir)","(Para Tipo ""Servidor Local"" é necessário usar um caminho relativo para a instalação do Magento var/export ou var/import, ex. var/export, var/import, var/export/some/dir, var/import/some/dir)"
"(For US 2-letter state names)","(Para nomes de estados US com 2 letras)"
"(If left empty will be auto-generated)","(Se deixado em branco será gerado automaticamente)"
"(Leave empty for first spreadsheet)","(Deixe em branco para a primeira planilha)"
"(Products will be added/updated to this store if 'store' column is blank or missing in the import file.)","(Produtos serão adicionados/atualizados nesta loja se a coluna 'store' estiver em branco ou faltando no arquivo de importação.)"
"(Shift-)Click or drag to change value","(Shift-)Clique ou arraste para alterar o valor"
"(Starting with)","(Começando com)"
"(When 'No', only mapped fields will be imported. When mapping, use 'column1', 'column2', etc.)","(Quando 'Não', somente os campos mapeados serão importados. Ao mapear, use 'coluna1', 'coluna2', etc.)"
"(You have to increase php memory_limit before changing this value)","(Você deve aumentar a váriavel do php memory_limit antes de alterar este valor)"
"(\\t for tab)","(\\t para tab)"
"* - If indexing is in progress, it will be killed and new indexing process will start.","* - Se a indexação estive em andamento, ela será abortada e um novo processo de indexação será iniciado."
"* Required Fields","* Campos Obrigatórios"
"- Click on any of the time parts to increase it","- Clique em uma das partes do horário para aumentar"
"- Hold mouse button on any of the above buttons for faster selection.","- Segure o botão do mouse em um dos botões acima para uma seleção mais rápida."
"- Use the %s buttons to select month","- Use os botões %s para selecionar o mês"
"- Use the %s, %s buttons to select year","- Use os botões %s, %s para selecionar o ano"
"- or Shift-click to decrease it","- ou Shift-Clique para reduzir"
"- or click and drag for faster selection.","- ou clicque e segure para uma seleção mais rápida."
"-- Not Selected --","-- Não Selecionado --"
"-- Please Select --","-- Por Favor Selecione --"
"-- Please Select Billing Agreement--","-- Por Favor Selecione Acordo de Cobrança --"
"-- Please Select a Category --","-- Por Favor Selecione uma Categoria --"
"-- Please select --","-- Por favor selecione --"
"--Please Select--","--Por Favor Selecione--"
"1 Hour","1 Hora"
"12 Hours","12 Horas"
"12h AM/PM","12h AM/PM"
"2 Hours","2 Horas"
"24 Hours","24 Horas"
"24h","24h"
"2YTD","Acumulado desde o ano passado"
"6 Hours","6 Horas"
"<h1 class=""page-heading"">404 Error</h1><p>Page not found.</p>","<h1 class=""page-heading"">Erro 404</h1><p>Página não encontrada.</p>"
"<strong>%s</strong> requests access to your account","<strong>%s</strong> tentativa de acesso à sua conta"
"<strong>Attention</strong>: Captcha is case sensitive.","<strong>Atenção</strong>: Captcha é case sensitive."
"A user with the same user name or email aleady exists.","Um usuário com o mesmo nome de usuário ou email já existe."
"API Key","Chave API"
"API Key Confirmation","Confirmação da Chave API"
"ASCII","ASCII"
"Abandoned Carts","Carrinhos Abandondados"
"About the calendar","Sobre o calendário"
"Access Denied","Acesso Negado"
"Access denied","Acesso negado"
"Access denied.","Acesso negado."
"Account Created in:","Conta Criada em:"
"Account Created on (%s):","Conta Criada em (%s):"
"Account Created on:","Conta Criada em:"
"Account Information","Informação da Conta"
"Account Status","Status da Conta"
"Account status","Status da conta"
"Action","Ação"
"Actions","Ações"
"Actions XML","Ações XML"
"Active","Ativo"
"Add","Adicionar"
"Add Exception","Adicionar Exceção"
"Add Field Mapping","Adicionar Mapeamento de Campo"
"Add Field with URL:","Adicionar Campo com URL:"
"Add New","Adicionar Novo"
"Add New Image","Adicionar Nova Imagem"
"Add New Profile","Adicionar Novo Perfil"
"Add New Role","Adicionar Novo Cargo"
"Add New Template","Adicionar Novo Template"
"Add New URL Rewrite","Adicionar Nova Reescrita de URL"
"Add New User","Adicionar Novo Usuário"
"Add New Variable","Adicionar Nova Variável"
"Add Products","Adicionar Produtos"
"Add URL Rewrite","Adicionar Reescrita de URL"
"Add URL Rewrite for a Category","Adicionar Reescrita de URL para uma Categoria"
"Add URL Rewrite for a Product","Adicionar Reescrita de URL para um Produto"
"Add after","Adicionar após"
"Additional Cache Management","Gerenciamento de Cache Adicional"
"Address Type:","Tipo do Endereço:"
"Admin","Admin"
"Advanced Admin Section","Seção Avançada de Administação"
"Advanced Profiles","Perfis Avançados"
"Advanced Section","Seção Avançada"
"After authorization application will have access to you account.","Após autorização a aplicação tera acesso à sua conta."
"All","Tudo"
"All Allowed Countries","Todos os Países Permitidos"
"All Cache","Todo Cache"
"All Files","Todos Arquivos"
"All Reviews","Todas Avaliações"
"All Store Views","Todas as Visões de Loja"
"All Tags","Todas Tags"
"All Websites","Todos Websites"
"All countries","Todos países"
"All fields","Todos campos"
"All possible rates were fetched, please click on ""Save"" to apply","Todas as tarifas possíveis foram obtidas, por favor clique em ""Salvar"" para aplicar"
"All rates were fetched, please click on ""Save"" to apply","Todas as tarifas foram obtidas, por favor clique em ""Salvar"" para aplicar"
"All valid rates have been saved.","Todas as tarífas válidas foram salvas."
"Always (during development)","Sempre (durante desenvolvimento)"
"Amounts","Quantidades"
"An error has occured while syncronizing media storages.","Ocorreu um erro ao sincronizar armazenamentos de media."
"An error occurred while clearing the JavaScript/CSS cache.","Ocorreu um erro ao limpar o cache JavaScript/CSS."
"An error occurred while clearing the image cache.","Ocorreu um erro ao limpar o cache de imagem."
"An error occurred while deleting URL Rewrite.","Ocorreu um erro ao excluir a Reescrita de URL."
"An error occurred while deleting email template data. Please review log and try again.","Ocorreu um erro ao excluir os dados de template de email. Por favor avalie o log e tente novamente."
"An error occurred while deleting record(s).","Ocorreu um erro ao excluir registros(s)."
"An error occurred while deleting this role.","Ocorreu um erro ao excluir este cargo."
"An error occurred while deleting this set.","Ocorreu um erro ao excluir este conjunto."
"An error occurred while deleting this template.","Ocorreu um erro ao excluir este template."
"An error occurred while finishing process. Please refresh the cache","Ocorreu um erro ao finalizar o processo. Por favor atualize o cache"
"An error occurred while rebuilding the CatalogInventory Stock Status.","Ocorreu um erro ao reconstruir o Status de Estoque CatalogInventory."
"An error occurred while rebuilding the catalog index.","Ocorreu um erro ao reconstruir o índice do catálogo."
"An error occurred while rebuilding the flat catalog category.","Ocorreu um erro ao reconstruir o catálogo de categorias flat."
"An error occurred while rebuilding the flat product catalog.","Ocorreu um erro ao reconstruir o catálogo de produtos flat."
"An error occurred while rebuilding the search index.","Ocorreu um erro ao reconstruir o índice de pesquisa."
"An error occurred while refreshing the Catalog Rewrites.","Ocorreu um erro ao atualizar as Reescritas do Catálogo."
"An error occurred while refreshing the Layered Navigation indices.","Ocorreu um erro ao atualizar o índice de Navegação em Camadas."
"An error occurred while refreshing the catalog rewrites.","Ocorreu um erro ao atualizar as reescritas do catálogo."
"An error occurred while refreshing the layered navigation indices.","Ocorreu um erro ao atualizar o índice de navegação em camadas."
"An error occurred while saving URL Rewrite.","Ocorreu um erro ao salvar a Reescrita de URL."
"An error occurred while saving account.","Ocorreu um erro ao salvar a conta."
"An error occurred while saving review.","Ocorreu um erro ao salvar a avaliação."
"An error occurred while saving the customer.","Ocorreu um erro ao salvar o cliente."
"An error occurred while saving this configuration:","Ocorreu um erro ao salvar esta configuração:"
"An error occurred while saving this role.","Ocorreu um erro ao salvar este cargo."
"An error occurred while saving this template.","Ocorreu um erro ao salvar este template."
"An error occurred while updating the selected review(s).","Ocorreu um erro ao atualizar a(s) avaliação(ões) selecionada(s)."
"Any","Qualquer"
"Any Attribute Set","Qualquer Conjunto de Atributos"
"Any Group","Qualquer Grupo"
"Any Status","Qualquer Status"
"Any Store","Qualquer Loja"
"Any Type","Qualquer Tipo"
"Any Visibility","Qualquer Visibilidade"
"Any data created since the backup was made will be lost including admin users, customers and orders.","Qualquer dado criado desde a hora de criação do backup será perdido incluindo usuários admin, clientes e pedidos."
"Archive file name:","Nome de Arquivo:"
"Are you sure that you want to delete this template?","Você tem certeza que deseja excluir este template?"
"Are you sure that you want to strip tags?","Você tem certeza que deseja remover tags?"
"Are you sure you want to do this?","Você tem certeza que deseja fazer isto?"
"Are you sure you want to proceed?","Você tem certeza que deseja prosseguir?"
"Area","Área"
"As low as:","A partir de:"
"Assigned","Atribuído"
"Associated Tags","Tags Associadas"
"Attribute Set Name:","Nome do Conjunto de Atributos:"
"Attributes","Atributos"
"Authorization confirmed","Autorização confirmada"
"Authorize","Autorizar"
"Authorize application","Autorizar aplicação"
"Authorized OAuth Tokens","Tokens OAuth Autorizados"
"Automatic (equalize price ranges)","Automático (igualar faixas de preço)"
"Automatic (equalize product counts)","Automático (igualar contagem de produto)"
"Average Order Amount","Quantidade Média de Pedidos"
"Average Orders","Média de Pedidos"
"BINARY","BINÁRIO"
"Back","Voltar"
"Back to Login","Voltar para o Login"
"Backup","Backup"
"Backup Name","Nome do Backup"
"Backup options","Opções de backup"
"Backups","Backups"
"Base currency","Moeda base"
"Bcc","Bcc"
"Bestsellers","Mais Vendidos"
"Billing Address","Endereço de Cobrança"
"Billing Address: ","Endereço de Cobrança: "
"Billing Agreement","Acordo de Cobrança"
"Billing Agreements","Acordos de Cobrança"
"Block Information","Informação em Bloco"
"Both (without and with tax)","Ambos (sem e com imposto)"
"Both IPN and PDT","Ambos IPN e PDT"
"Browse Files...","Procurar Arquivos..."
"Bundle with dynamic pricing cannot include custom defined options. Options will not be saved.","Pacotes com preço dinâmico não podem incluir opções personalizadas definidas. As opções não serão salvas."
"CMS","CMS"
"CRITICAL","CRÍTICO"
"CSV","CSV"
"CSV / Tab separated","CSV / Separado por Tab"
"Cache Control","Controle de Cache"
"Cache Control (beta)","Controle de Cache (beta)"
"Cache Management","Gerenciamento de Cache"
"Cache Type","Tipo de Cache"
"Cancel","Cancelar"
"Cannot add new comment.","Não é possível adicionar um novo comentário."
"Cannot add tracking number.","Não é possível adicionar um número de rastreamento."
"Cannot create an invoice without products.","Não é possível criar uma fatura sem produtos."
"Cannot create credit memo for the order.","Não é possível criar um memorando de crédito para o pedido."
"Cannot delete the design change.","Não é possível excluir a mudança de design."
"Cannot delete tracking number.","Não é possível excluir o número de rastreamento."
"Cannot do shipment for the order separately from invoice.","Não é possível realizar o envio do pedido separada da fatura."
"Cannot do shipment for the order.","Não é possível realizar o envio para o pedido."
"Cannot initialize shipment for adding tracking number.","Não é possível inicializar o envio para adicionar o número de rastreamento."
"Cannot initialize shipment for delete tracking number.","Não é possível inicializar o envio para excluir o número de rastreamento."
"Cannot load track with retrieving identifier.","Não é possível carregar o rastreamento com o identificador de recuperação."
"Cannot retrieve tracking number detail.","Não é possível recuperar os detalhes do número de rastreamento."
"Cannot save shipment.","Não é possível salvar o envio."
"Cannot save the credit memo.","Não é possível salvar o memorando de crédito."
"Cannot send shipment information.","Não é possível enviar a informação de envio."
"Cannot update item quantity.","Não é possível atualizar a quantidade do item."
"Cannot update the item\'s quantity.","Não é possível atualizar a quantidade do item."
"Catalog","Catálogo"
"Catalog Price Rules","Regras de Preço do Catálogo"
"Catalog Rewrites","Reescritas do Catálogo"
"Categories","Categorias"
"Category","Categoria"
"Category:","Categoria:"
"Chart is disabled. If you want to enable chart, click <a href=""%s"">here</a>.","Os gráficos estão desabilitados. Se você quiser habilitar os gráficos, clique <a href=""%s"">aqui</a>."
"Checkbox","Checkbox"
"Child Transactions","Transações Filho"
"Choose Store View:","Escolha a Visão de Loja:"
"Choose an attribute","Escolha um atributo"
"Chosen category does not associated with any website, so url rewrite is not possible.","A categoria escolhida não está associada com nenhum website, portanto a reescrita de url não é possível."
"Chosen product does not associated with any website, so url rewrite is not possible.","O produto escolhido não está associado com nenhum website, portanto a reescrita de url não é possível."
"Clear","Limpar"
"Close","Fechar"
"Comment text field cannot be empty.","O campo de texto de comentário não pode ficar em branco."
"Complete","Completo"
"Config form fieldset clone model required to be able to clone fields","Config form fieldset clone model required to be able to clone fields"
"Configuration","Configuração"
"Confirm New Password","Confirmar Nova Senha"
"Confirm token authorization Pop Up for admin","Pop Up de confirmação de token de autorização para admin"
"Confirm token authorization for admin","Confirmação de token de autorização para admin"
"Confirmation Of Authorization","Confirmação De Authorização"
"Confirmed email:","Email confirmado:"
"Connect with the Magento Community","Conectar com a Comunidade Magento"
"Continue","Continuar"
"Convert to Plain Text","Converter para Texto Plano"
"Cookie (unsafe)","Cookie (inseguro)"
"Country","País"
"Country:","País:"
"Coupons","Cupons"
"Create","Criar"
"Create DB Backup","Criar Backup do BD"
"Create New Attribute","Criar Novo Atributo"
"Create URL Rewrite:","Criar Reescrita de URL:"
"Created At","Criado Em"
"Credit Card %s","Cartão de Crédito %s"
"Credit Memo History","Histórico de Memorandos de Crédito"
"Credit Memo Totals","Total de Memorandos de Crédito"
"Credit Memos","Memorandos de Crédito"
"Credit memo #%s comment added","Comentário adicionado para o memorando de crédito #%s"
"Credit memo #%s created","Memorando de crédito #%s criado"
"Credit memo\'s total must be positive.","O total do memorando de crédito deve ser positivo."
"Currency","Moeda"
"Currency ""%s"" is used as %s in %s.","Moeda ""%s"" é usada como %s em %s."
"Currency Information","Informação da Moeda"
"Currency Setup Section","Seção de Configuração de Moedas"
"Current Configuration Scope:","Escopo de Configuração Atual:"
"Current Month","Mês Atual"
"Custom","Personalizado"
"Custom Variable ""%s""","Variável Personalizada ""%s"""
"Custom Variables","Variáveis Personalizadas"
"Customer","Cliente"
"Customer Group:","Grupo do Cliente:"
"Customer Groups","Grupos de Clientes"
"Customer Name","Nome do Cliente"
"Customer Reviews","Avaliações do Cliente"
"Customer Shopping Carts","Carrinhos do Cliente"
"Customer Since:","Cliente Desde:"
"Customer Tax Classes","Classes de Imposto do Cliente"
"Customer with the same email already exists.","Um cliente com o mesmo email já existe."
"Customers","Clientes"
"Customers by Number of Orders","Clientes pelo Número de Pedidos"
"Customers by Orders Total","Clientes pelo Total de Pedidos"
"DHTML Date/Time Selector","Seletor de Data/Hora DHTML"
"Dashboard","Painel"
"Data Format","Formato de Dados"
"Data transfer:","Transferência de dados:"
"Database","Banco de Dados"
"Dataflow - Advanced Profiles","Fluxo de Dados - Perfis Avançados"
"Dataflow - Profiles","Fluxo de Dados - Perfis"
"Date","Data"
"Date & Time","Data & Hora"
"Date Added","Data de Adição"
"Date Updated","Data de Atualização"
"Date selection:","Seleção de data:"
"Date selector","Seletor de data"
"Day","Dia"
"Decimal separator:","Separador decimal:"
"Default (Admin) Values","Valores Padrões (Admin)"
"Default Billing Address","Endereço Padrão de Cobrança"
"Default Config","Configuração Padrão"
"Default Template from Locale","Template Padrão do Idioma"
"Default Values","Valores Padrões"
"Default display currency ""%s"" is not available in allowed currencies.","A moeda de exibição padrão ""%s"" não está disponível nas moedas permitidas."
"Default scope","Escopo padrão"
"Delete","Excluir"
"Delete %s","Excluir %s"
"Delete %s '%s'","Excluir %s '%s'"
"Delete File","Excluir Arquivo"
"Delete Image","Excluir Imagem"
"Delete Profile","Excluir Perfil"
"Delete Role","Excluir Cargo"
"Delete Store","Excluir Loja"
"Delete Store View","Excluir Visão de Loja"
"Delete Template","Excluir Template"
"Delete User","Excluir Usuário"
"Delete Website","Excluir Website"
"Description","Descrição"
"Design","Design"
"Design Section","Seção de Design"
"Details","Detalhes"
"Developer Section","Seção de Desenvolvedor"
"Direction:","Direção:"
"Disable","Desabilitar"
"Disabled","Desabilitado"
"Display %s first","Exibir %s primeiro"
"Display default currency","Exibir moeda padrão"
"Distributed under GNU LGPL. See %s for details.","Distribuído dentro da GNU LGPL. Veja %s para detalhes."
"Do you really want to KILL parallel process and start new indexing process?","Você realmente deseja ABORTAR processo paralelo e iniciar um novo processo de indexação?"
"Do you really want to proceed?","Você realmente deseja proceder?"
"Download","Download"
"Downloads","Downloads"
"Drag to move","Arraste para mover"
"Drop-down","Drop-down"
"Edit","Editar"
"Edit Design Change","Editar Mudança de Design"
"Edit Email Template","Editar Template de Email"
"Edit Order","Editar Pedido"
"Edit Poll","Editar Enquete"
"Edit Queue","Editar Fila"
"Edit Review","Editar Avaliação"
"Edit Role","Editar Cargo"
"Edit Store View","Editar Visão de Loja"
"Edit System Template","Editar Template do Sistema"
"Edit Template","Editar Template"
"Edit URL Rewrite","Editar Reescrita de URL"
"Edit User","Editar Usuário"
"Edit User '%s'","Editar Usuário '%s'"
"Edit Website","Editar Website"
"Email","Email"
"Email Address:","Endereço de Email:"
"Email Preview","Visualização de Email"
"Email to a Friend","Enviar para um Amigo"
"Email:","Email:"
"Enable","Habilitar"
"Enabled","Habilitado"
"Enclose Values In:","Colocar Valores Em:"
"Entity Attributes","Atributos de Entidade"
"Entity Type","Tipo da Entidade"
"Entity type:","Tipo da entidade:"
"Error","Erro"
"Excel XML","XML Excel"
"Excl. Tax","Imposto Excl."
"Exclude media folder from backup","Excluir pasta media do backup"
"Export","Exportar"
"Export CSV","Exportar CSV"
"Export Filters","Exportar Filtros"
"Export to:","Exportar para:"
"Export:","Exportar:"
"FTP Host","Servidor FTP"
"FTP Host[:Port]","FTP Servidor[:Porta]"
"FTP Login","Login FTP"
"FTP Password","Senha FTP"
"FTP credentials","Credenciais FTP"
"Failed","Falhou"
"Failed to add a product to cart by id ""%s"".","Falha ao adicionar um produto no carrinho pelo id ""%s""."
"Failed to cancel the billing agreement.","Falha ao cancelar o contrato de cobrança."
"Failed to clear the JavaScript/CSS cache.","Falha ao limpar o cache JavaScript/CSS."
"Failed to delete the billing agreement.","Falha ao excluir o contrato de cobrança."
"Failed to update the profile.","Falha ao atualizar o perfil."
"Field","Campo"
"Field Mapping","Mapeamento de Campo"
"File","Arquivo"
"File Information","Informação do Arquivo"
"File System","Sistema de Arquivos"
"File mode","Modo do arquivo"
"File name:","Nome do arquivo:"
"File size should be more than 0 bytes","O tamanho do arquivo deve ser maior que 0 bytes"
"Finished profile execution.","Execução do perfil finalizada."
"First Invoice Created Date","Data de Criação da Primeira Fatura"
"First Name","Primeiro Nome"
"First Name is required field.","O campo Primeiro nome é obrigatório."
"First Name:","Primeiro Nome:"
"Fixed","Fixo"
"Flush Catalog Images Cache","Descarregar o Cache de Imagens do Catálogo"
"Flush JavaScript/CSS Cache","Descarregar o Cache JavaScript/CSS"
"For category","Para categoria"
"For latest version visit: %s","Para última versão visite: %s"
"For product","Para produto"
"Forgot Admin Password","Esqueceu a Senha de Admin"
"Forgot your password?","Esqueceu sua senha?"
"Forgot your user name or password?","Esqueceu seu nome de usuário ou senha?"
"From","De"
"GLOBAL","GLOBAL"
"Gb","Gb"
"General Information","Informação Geral"
"General Section","Seção Geral"
"Get Image Base64","Obter Imagem Base64"
"Get help for this page","Obtenha ajuda para esta página"
"Give the verifier code to application administrator","Forneça o código verificador para o administrador da aplicação"
"Global Attribute","Atributo Global"
"Global Record Search","Pesquisa Global de Registros"
"Global Search","Pesquisa Global"
"Go Today","Ir Hoje"
"Go to messages inbox","Ir para a caixa de entrada de mensagens"
"Go to notifications","Ir para notificações"
"Google Base","Google Base"
"Google Sitemaps","Google Sitemaps"
"Grand Total","Total Geral"
"Grid (default) / List","Grade (padrão) / Lista"
"Grid Only","Somente Grade"
"Group:","Grupo:"
"Guest","Visitante"
"HTTP (unsecure)","HTTP (inseguro)"
"HTTPS (SSL)","HTTPS (SSL)"
"Help Us Keep Magento Healthy - Report All Bugs","Ajude-nos a melhorar o Magento - Reporte Todos os Bugs"
"Helper attributes should not be used in custom layout updates.","Atributos do Helper não devem ser usados em atualizações personalizadas de layout."
"Helper for options rendering doesn't implement required interface.","Helper para renderização de opções não implementam a interface necessária."
"Home","Home"
"ID","ID"
"ID Path","ID do Caminho"
"IP Address","Endereço de IP"
"IPN (Instant Payment Notification) Only","Somente IPN (Instant Payment Notification)"
"If there is an account associated with %s you will receive an email with a link to reset your password.","Se houver uma conta associada com %s você receberá um email com um link para redefinir sua senha."
"If this message persists, please contact the store owner.","Se esta mensagem persistir, por favor entre em contato com o dono da loja."
"If you do not specify an option value for a specific store view then the default (Admin) value will be used.","Se você não especificar uma valor para uma visão de loja específica então o valor padrão (Admin) será usado."
"Images (.gif, .jpg, .png)","Imagens (.gif, .jpg, .png)"
"Images Cache","Cache de Imagens"
"Import","Importar"
"Import Service","Serviço de Importação"
"Import and Export","Importar e Exportar"
"Import and Export Tax Rates","Taxas de Imposto de Importação e Exportação"
"Import/Export","Importar/Exportar"
"Import/Export Advanced","Importar/Exportar Avançado"
"Import/Export Profile","Importar/Exportar Perfil"
"Important: ","Importante: "
"Imported <strong>%s</strong> records","<strong>%s</strong> registros importados"
"In","Em"
"In Database:","No Banco de Dados:"
"In File:","No Arquivo:"
"Inactive","Inativo"
"Incl. Tax","Imposto Incl."
"Incoming Message","Mensagem Recebida"
"Insert Variable...","Inserir Variável..."
"Interactive","Interativo"
"Interface Locale: %s","Idioma da Inteface: %s"
"Invalid Form Key. Please refresh the page.","Chave de Formulário Inválida. Por favor atualize a página."
"Invalid Import Service Specified","Seriço de Importação Especificado Inválido"
"Invalid POST data (please check post_max_size and upload_max_filesize settings in your php.ini file).","Dados POST inválidos (por favor verifique as configurações post_max_size e upload_max_filesize em seu arquivo php.ini)."
"Invalid Secret Key. Please refresh the page.","Chave Secreta Inválida. Por favor atualize a página."
"Invalid User Name or Password.","Nome de Usuário ou Senha Inválido(s)."
"Invalid directory: %s","Diretório inválido: %s"
"Invalid email address ""%s"".","Endereço de email inválido ""%s""."
"Invalid email address.","Endereço de email inválido."
"Invalid file: %s","Arquivo inválido: %s"
"Invalid input data for %s => %s rate","Dados de entrada inválidos para a taxa %s => %s"
"Invalid parent block for this block","Bloco pai inválido para este bloco"
"Invalid parent block for this block.","Bloco pai inválido para este bloco."
"Invalid password reset token.","Token de redefinição de senha inválido."
"Invalid sender name ""%s"". Please use only visible characters and spaces.","Nome de remetente inválido ""%s"". Por favor use somente caracteres visíveis e espaços."
"Invalid timezone","Fuso horário inválido"
"Invalidated","Invalidado"
"Inventory Stock Status","Status de Estoque de Inventário"
"Invoice #%s comment added","Comentário de fatura #%s adicionado"
"Invoice #%s created","Fatura #%s criada"
"Invoice History","Histórico de Faturas"
"Invoice Totals","Totais de Faturas"
"Invoice canceling error.","Erro no cancelamento de fatura."
"Invoice capturing error.","Erro na captura de fatura."
"Invoice voiding error.","Erro na invalidação de fatura."
"Invoices","Faturas"
"Is Closed","Está Fechado"
"Is Default","É Padrão"
"Issue Number","Número da Emissão"
"Items","Itens"
"JavaScript seems to be disabled in your browser.","O JavaScript parece estar desabilitado no seu navegador."
"JavaScript/CSS","JavaScript/CSS"
"JavaScript/CSS Cache","Cache JavaScript/CSS"
"Kb","Kb"
"Last 24 Hours","Últimas 24 Horas"
"Last 5 Orders","Últimos 5 Pedidos"
"Last 5 Search Terms","Últimos 5 Termos de Pesquisa"
"Last 7 Days","Últimos 7 Dias"
"Last Credit Memo Created Date","Data de Criação do Último Memorando de Crédito"
"Last Invoice Created Date","Data de Criação da Última Fatura"
"Last Logged In (%s):","Último Acesso (%s):"
"Last Logged In:","Último Acesso:"
"Last Name","Último Nome"
"Last Name is required field.","O campo Último Nome é obrigatório."
"Last Name:","Último Nome:"
"Last updated: %s. To refresh last day\'s <a href=""%s"">statistics</a>, click <a href=""%s"">here</a>.","Última atualização: %s. Para atualizar as <a href=""%s"">statistics</a> do último dia, clique <a href=""%s"">aqui</a>."
"Latest Message:","Última Mensagem:"
"Layered Navigation Indices","Índices de Navegação em Camadas"
"Layered Navigation Indices were refreshed.","Os Índices de Navegação em Camadas foram atualizados."
"Leave empty to use tax identifier","Deixe em branco para usar o identificador de imposto"
"Lifetime Sales","Vendas Vitalícias"
"Lifetime statistics have been updated.","As estatísticas vitalícias fora atualizadas."
"Links","Links"
"Links with associated products will retain only after saving current product.","Links com produtos associados serão preservados somente após o produto atual ser salvo."
"List (default) / Grid","Lista (padrão) / Grade"
"List Only","Somente Lista"
"Load Template","Carregar Template"
"Load default template","Carregar template padrão"
"Loading...","Carregando..."
"Local Server","Servidor Local"
"Local/Remote Server","Servidor Local/Remoto"
"Locale","Idioma"
"Log In","Entrar"
"Log Out","Sair"
"Log in to Admin Panel","Entrar no Painel de Adminstração"
"Log in to use <strong>%s</strong>","Entre para usar <strong>%s</strong>"
"Log into Magento Admin Page","Entre na Página de Adminitração do Magento"
"Logged in as %s","Conectado como %s"
"Login","Entrar"
"Low Stock","Estoque Baixo"
"MAJOR","MAIOR"
"MINOR","MENOR"
"MS Excel XML","XML MS Excel"
"Magento Admin","Magento Admin"
"Magento Commerce - Administrative Panel","Magento Commerce - Painel Administrativo"
"Magento Connect","Magento Connect"
"Magento Connect Manager","Gerenciador Magento Connect"
"Magento Logo","Magento Logo"
"Magento is a trademark of Magento Inc. Copyright &copy; %s Magento Inc.","Magento é uma marca registrada de Magento Inc. Copyright &copy; %s Magento Inc."
"Magento root directory","Diretório raiz do Magento"
"Magento ver. %s","Magento ver. %s"
"Magento&trade; is a trademark of Magento Inc.<br/>Copyright &copy; %s Magento Inc.","Magento&trade; é uma marca registrada de Magento Inc.<br/>Copyright &copy; %s Magento Inc."
"Make sure that data encoding in the file is consistent and saved in one of supported encodings (UTF-8 or ANSI).","Tenha certeza que a codificação de dados no arquivo é consistente e salvo em uma das codificações suportadas (UTF-8 ou ANSI)."
"Manage Attribute Sets","Gerenciar Conjuntos de Atributos"
"Manage Attributes","Gerenciar Atributos"
"Manage Categories","Gerenciar Categorias"
"Manage Content","Gerenciar Conteúdo"
"Manage Currency Rates","Gerenciar Taxas de Moedas"
"Manage Customers","Gerenciar Clientes"
"Manage Options (values of your attribute)","Gerenciar Opções (valores de seu atributo)"
"Manage Ratings","Gerenciar Classificações"
"Manage Stores","Gerenciar Lojas"
"Manage Tax Rules","Gerenciar Regras de Imposto"
"Manage Tax Zones and Rates","Gerenciar Zonas e Taxas de Imposto"
"Manage Titles (Size, Color, etc.)","Gerenciar Títulos (Tamanho, Cor, etc.)"
"Manual","Manual"
"Matched Expression","Expressão Correspondente"
"Maximum sender name length is 255. Please correct your settings.","O comprimento máximo do nome do remetente é 255. Por favor corrija suas configurações."
"Mb","Mb"
"Media (.avi, .flv, .swf)","Media (.avi, .flv, .swf)"
"Media storages synchronization has completed!","A sincronização de armazenamentos de media foi concluída!"
"Messages Inbox","Caixa de Entrada de Mensagens"
"Month","Mês"
"Most Viewed","Mais Visualizadas"
"Most Viewed Products","Produtos Mais Visualizados"
"Multiple Select","Seleção Múltipla"
"My Account","Minha Conta"
"My Applications","Minha Aplicações"
"N/A","N/D"
"NOTICE","NOTA"
"Name","Nome"
"Name:","Nome:"
"Never (production)","Nunca (produção)"
"New ","Novo "
"New API Key","Nova Chave API"
"New Accounts","Novas Contas"
"New Attribute","Novo Atributo"
"New Block","Novo Bloco"
"New Category","Nova Categoria"
"New Class","Nova Classe"
"New Condition","Nova Condição"
"New Custom Variable","Nova Variável Personalizada"
"New Customer","Novo Cliente"
"New Customers","Novos Clientes"
"New Design Change","Nova Mudança de Design"
"New Email Template","Novo Template de Email"
"New Group","Novo Grupo"
"New Invoice","Nova Fatura"
"New Item Type","Novo Tipo de Item"
"New Memo","Novo Memorando"
"New Memo for #%s","Novo Memorando para #%s"
"New Page","Nova Página"
"New Password","Nova Senha"
"New Poll","Nova Enquete"
"New Profile","Novo Perfil"
"New Rate","Nova Taxa"
"New Rating","Nova Classificação"
"New Review","Nova Avaliação"
"New Role","Novo Cargo"
"New Rule","Nova Regra"
"New Search","Nova Pesquisa"
"New Set","Novo Conjunto"
"New Shipment","Novo Envio"
"New Sitemap","Novo Sitemap"
"New Store View","Nova Visão de Loja"
"New System Template","Novo Template de Sistema"
"New Tag","Nova Tag"
"New Template","Novo Template"
"New User","Novo Usuário"
"New Variable","Nova Variável"
"New Website","Novo Website"
"New password field cannot be empty.","O campo nova senha não pode estar em branco."
"Newsletter","Newsletter"
"Newsletter Problems","Problemas da Newsletter"
"Newsletter Queue","Fila da Newsletter"
"Newsletter Subscribers","Inscritos da Newsletter"
"Newsletter Templates","Templates da Newsletter"
"Next month (hold for menu)","Próximo mês (segure para menu)"
"Next year (hold for menu)","Próximo ano (segure para menu)"
"No","Não"
"No (price without tax)","Não (preço sem imposto)"
"No Data Found","Nenhum Dado Encontrado"
"No Templates Found","Nenhum Template Encontrado"
"No change","Nenhuma mudança"
"No customer id defined.","Nenhum id de cliente definido."
"No information available.","Nenhuma informação disponível."
"No profile loaded...","Nenhum perfil carregado..."
"No records found for this period.","Nenhum registro encontrado para este período."
"No records found.","Nenhum registro encontrado."
"No report code specified.","Nenhum código de relatório especificado."
"No search keywords.","Nenhuma palavra chave para pesquisar."
"No search modules were registered","Nenhum módulo de pesquisa foi registrado"
"No wishlist item id defined.","Nenhum id de lista de pedidos definido."
"None","Nenhum"
"Note:","Nota:"
"Notes","Notas"
"Notifications","Notificações"
"Number of Orders","Número de Pedidos"
"Number of Uses","Número de Usos"
"Number of Views","Número de Visualizações"
"Number of records:","Número de registros:"
"OAuth Consumers","Consumidores OAuth"
"OAuth authorization for admin","Autorização OAuth para admin"
"OAuth authorization simple for admin","Autorização OAuth simples para admin"
"OK","OK"
"Old rate:","Taxa velha:"
"Once you log into your PayPal Advanced account, navigate to the Service Settings - Hosted Checkout Pages - Set Up menu and set the options described below","Uma vez que você acessar a sua conta PayPal Advanced, navegue até o menu Configurações de Serviço - Páginas de Checkout Hospedadas - Configuração e defina as opções descritas abaixo"
"Once you log into your PayPal Payflow Link account, navigate to the Service Settings - Hosted Checkout Pages - Set Up menu and set the options described below","Uma vez que você acessar a sua conta PayPal Payflow Link, navegue até o menu Configurações de Serviço - Páginas de Checkout Hospedadas - Configuração e defina as opções descritas abaixo"
"One or more media files failed to be synchronized during the media storages syncronization process. Refer to the log file for details.","Um ou mais arquivos de media falhou em ser sincronizado durante o processo de sincronização de armazenamentos de media. Consulte o arquivo de log para obter detalhes."
"One or more of the Cache Types are invalidated:","Um ou mais Tipos de Cache estão invalidados:"
"Online Customers","Clientes Online"
"Only Once (version upgrade)","Somente Uma Vez (atualização de versão)"
"Only attributes with scope ""Global"", input type ""Dropdown"" and Use To Create Configurable Product ""Yes"" are available.","Somente atributos com o escopo ""Global"", tipo de campo ""Dropdown"" e Usar Para Criar Produto Configurável ""Sim"" estão disponíveis."
"Only mapped fields","Somente campos mapeados"
"Optional","Opcional"
"Options","Opções"
"Options is required","Opções é obrigatório"
"Order","Pedido"
"Order #%s","Pedido #%s"
"Order #%s (%s)","Pedido #%s (%s)"
"Order Created Date","Data de Criação de Pedido"
"Order ID","ID do Pedido"
"Order Totals","Totais de Pedidos"
"Order Updated Date","Data de Atualização do Pedido"
"Order Updated Date report is real-time, does not need statistics refreshing.","O relatório de Data de Atualização de Pedido é em tempo real, não é necessário a atualização de estatísticas."
"Orders","Pedidos"
"Original Magento attribute names in first row:","Nome de atributo originais do Magento na primeira linha:"
"Out of stock","Fora de estoque"
"PDT (Payment Data Transfer) Only","Somente PDT (Payment Data Transfer)"
"Package Extensions","Extensões de Pacote"
"Pages","Páginas"
"Parent Product Thumbnail","Miniatura do Produto Pai"
"Parent Transaction ID","ID da Transação Pai"
"Passive mode","Modo passivo"
"Password","Senha"
"Password Confirmation","Confirmação de Senha"
"Password confirmation must be same as password.","A Confirmação de Senha deve ser igual a senha."
"Password must be at least of %d characters.","A Senha precisa conter pelo menos %d caracteres."
"Password must include both numeric and alphabetic characters.","A Senha deve conter caracteres númericos e alfabéticos."
"Password:","Senha:"
"Path:","Caminho:"
"Payment method instance is not available.","A instância do método de pagamento não está disponível."
"Payment method is not available.","O método de pagamento mão está disponível."
"Payment method must be specified.","O método de pagamento deve ser especificado."
"Pending Reviews","Avaliações Pendentes"
"Pending Tags","Tags Pendentes"
"Per Item","Por Item"
"Per Order","Por Pedido"
"Percent","Percentual"
"Performed At","Realizado Em"
"Period","Período"
"Permanent (301)","Permanente (301)"
"Permissions","Permissões"
"Personal Information","Informação Pessoal"
"Phone:","Telefone:"
"Please Select","Por Favor Selecione"
"Please confirm site switching. All data that hasn\'t been saved will be lost.","Por favor confirme a mudança de site. Todos os dados que não foram salvos serão perdidos."
"Please enter 6 or more characters.","Por favor digite 6 ou mais caracteres."
"Please enter a number greater than 0 in this field.","Por favor digite um número maior que 0 neste campo."
"Please enter a valid $ amount. For example $100.00.","Por favor digite uma quantidade $ válida. Por exemplo $100.00."
"Please enter a valid URL. For example http://www.example.com or www.example.com","Por favor digite uma URL válida. Por exemplo http://www.exemplo.com ou www.exemplo.com"
"Please enter a valid URL. http:// is required","Por favor digite uma URL válida. http:// é obrigatório"
"Please enter a valid credit card number.","Por favor digite um número de cartão de crédito válido."
"Please enter a valid date.","Por favor digite uma data válida."
"Please enter a valid email address. For example johndoe@domain.com.","Por favor digite um endereço de email válido. Por exemplo seunome@dominio.com."
"Please enter a valid email.","Por favor digite um email válido."
"Please enter a valid number in this field.","Por favor digite um número válido neste campo."
"Please enter a valid phone number. For example (123) 456-7890 or 123-456-7890.","Por favor digite um número de telefone válido. Por exemplo (21) 5555-5555 ou 21-5555-5555."
"Please enter a valid social security number. For example 123-45-6789.","Por favor digite um número de segurança social válido. Por exemplo 123-45-6789."
"Please enter a valid value from list","Por favor digite um valor válido da lista"
"Please enter a valid value, ex: 10,20,30","Por favor digite um valor válido, ex: 10,20,30"
"Please enter a valid zip code.","Por favor digite um cep válido."
"Please enter a valid zip code. For example 90602 or 90602-1234.","Por favor digite um cep válido. Por exemplo 21000-000."
"Please enter another credit card number to complete your purchase.","Por favor digite outro número de cartão de crédito para completar sua compra."
"Please enter password","Por favor digite uma senha"
"Please enter password to confirm rollback.","Por favor digite a senha para confirmar a reversão."
"Please enter valid password.","Por favor digite uma senha válida."
"Please make sure that all global admin search modules are installed and activated.","Por favor certifique-se que todos os módulos de busca de administração globais estão instalados e ativados."
"Please make sure that your changes were saved before running the profile.","Por favor certifique-se de que suas alterações foram salvas antes de executar o perfil."
"Please make sure your passwords match.","Por favor certifique-se de suas senhas coincidem."
"Please select State/Province.","Por favor selecione um Estado."
"Please select a customer.","Por favor selecione um cliente."
"Please select a store.","Por favor selecione uma loja."
"Please select an option.","Por favor selecione uma opção."
"Please select catalog searches.","Por favor selecione as pesquisas do catálogo."
"Please select customer(s).","Por favor selecione um ou mais clientes."
"Please select message(s).","Por favor selecione uma ou mais mensagens."
"Please select one of the above options.","Por favor selecione uma das opções acima."
"Please select one of the options.","Por favor selecione uma das opções."
"Please select review(s).","Por favor selecione uma ou mais avaliações."
"Please select tag(s).","Por favor selecione uma ou mais tags."
"Please specify backup creation options","Por favor especifique as opções de criação de backup"
"Please specify the admin custom URL.","Por favor especifique a URL personalizada de administração."
"Please try to logout and sign in again.","Por favor tente sair e entrar novamente."
"Please type the letters from the image:","Por favor digite as letras da imagem:"
"Please use in this field only ""a-z,0-9,_"".","Por favor use neste campo somente ""a-z,0-9,_""."
"Please use letters only (a-z) in this field.","Por favor use somente letras (a-z) neste campo."
"Please use numbers only in this field. Please avoid spaces or other characters such as dots or commas.","Por favor use somente números neste campo. Por favor evite espaços ou outros caracteres como pontos e vírgulas."
"Please use only letters (a-z or A-Z), numbers (0-9) or spaces in this field.","Por favor use somente letras (a-z or A-Z), números (0-9) ou espaços neste campo."
"Please use only letters (a-z) or numbers (0-9) only in this field. No spaces or other characters are allowed.","Por favor use somente letras (a-z) ou números (0-9) neste campo. Espaços ou outros caracteres não são permitidos."
"Please use only letters (a-z) or numbers (0-9) or spaces and # only in this field.","Por favor use somente letras (a-z) ou números (0-9) ou espaços e # neste campo."
"Please use this date format: dd/mm/yyyy. For example 17/03/2006 for the 17th of March, 2006.","Por favor use a data neste formato: dd/mm/yyyy. Por exemplo 17/03/2006 para 17 de Março de 2006."
"Please wait while the indexes are being refreshed.","Por favor aguarde enquanto os índices estão sendo atualizados."
"Please wait, loading...","Por favor aguarde, carregando..."
"Please wait...","Por favor aguarde..."
"Please, add some answers to this poll first.","Por favor, adicione primeiro algumas respostas nesta enquete."
"Please, select ""Visible in Stores"" for this poll first.","Por favor, selecione primeiro ""Visível nas Lojas"" para esta enquete."
"Poll Manager","Gerenciador de Enquetes"
"Polls","Enquetes"
"Popular","Popular"
"Position","Posição"
"Position of Watermark for %s","Posição da Marca D'água para %s"
"Pregenerated product images files.","Arquivos de imagens de produtos pré gerados."
"Prev. month (hold for menu)","Mês anterior (segure para menu)"
"Prev. year (hold for menu)","Ano anterior (segure para menu)"
"Preview","Visualizar"
"Preview Template","Visualizar Template"
"Price","Preço"
"Price alert subscription was saved.","Assinatura de alerta de preço foi salva."
"Price:","Preço:"
"Processed <strong>%s%% %s/%d</strong> records","<strong>%s%% %s/%d</strong> registros processados"
"Product","Produto"
"Product Name","Nome do Produto"
"Product Reviews","Avaliações de Produto"
"Product Tax Classes","Classes de Imposto do Produto"
"Product Thumbnail Itself","Miniatura do Produto em Si"
"Product is not loaded.","O produto não foi carregado."
"Product:","Produto:"
"Products","Produtos"
"Products Bestsellers Report","Relatório de Produtos Mais Vendidos"
"Products Most Viewed Report","Relatório de Produtos Mais Visualizados"
"Products Ordered","Produtos Encomendados"
"Products in Carts","Produtos em Carrinhos"
"Profile Action","Ação do Perfil"
"Profile Actions XML","XML de Ações do Perfil"
"Profile Direction","Direção do Perfil"
"Profile History","Histórico do Perfil"
"Profile Information","Informação do Perfil"
"Profile Name","Nome do Perfil"
"Profile Payments","Pagamentos do Perfil"
"Profile Schedule","Cronograma do Perfil"
"Profile Wizard","Assistente de Perfil"
"Profiles","Perfis"
"Promo","Promo"
"Promotions","Promoções"
"Purchased Item","Item Comprado"
"Put store on the maintenance mode while backup creation","Coloque a loja no modo de manutenção durante a criação de backup"
"Put store on the maintenance mode while rollback processing","Coloque a loja no modo de manutenção durante o processo de reversão"
"Quantity","Quantidade"
"Queue Refresh","Atualizar Fila"
"Queued... Cancel","Em Fila... Cancelar"
"REST Roles","Cargos REST"
"Radio Buttons","Botões Radio"
"Rates","Taxas"
"Read details","Leia os detalhes"
"Rebuild","Reconstruir"
"Rebuild Catalog Index","Reconstruir o Índice do Catálogo"
"Rebuild Flat Catalog Category","Reconstruir o Catálogo de Categorias Flat"
"Rebuild Flat Catalog Product","Reconstruir o Catálogo de Produtos Flat"
"Recent Orders","Pedidos Recentes"
"Recent statistics have been updated.","As estatísticas recentes foram atualizadas."
"Recurring Profile View","Visão de Perfil Recorrente"
"Recursive Dir","Diretório Recursivo"
"Redirect","Redirecionar"
"Reference","Referência"
"Reference ID","ID de Referência"
"Refresh","Atualizar"
"Refresh Now*","Atualizar Now*"
"Refresh Statistics","Atualizar Estatísticas"
"Region/State","Região/Estado"
"Regular Price:","Preço Normal:"
"Reject","Rejeit"
"Reject token authorization Pop Up for admin","Pop Up de rejeição de token de autorização para admin"
"Reject token authorization for admin","Rejeição de token de autorização para admin"
"Rejection Of Authorization","Rejeição de Autorização"
"Release","Lançamento"
"Release Stability","Estabilidade do Lançamento"
"Release Version","Versão do Lançamento"
"Reload captcha","Recarregar captcha"
"Remote FTP","FTP Remoto"
"Remove","Remover"
"Reports","Relatórios"
"Request Path","Caminho da Solicitação"
"Required","Obrigatório"
"Reset","Redefinir"
"Reset Filter","Redefinir Filtro"
"Reset Password","Redefinir Senha"
"Reset a Password","Redefinir uma Senha"
"Resize","Redimensionar"
"Resource Access","Acesso de Recursos"
"Resources","Recursos"
"Results","Resultados"
"Retrieve Password","Recuperar Senha"
"Return Html Version","Versão do Html de Retorno"
"Revenue","Receita"
"Reviews","Avaliações"
"Reviews and Ratings","Avaliações e Classificações"
"Rewrite Rules","Regras de Reescrita"
"Role ID","ID do Cargo"
"Role Info","Infor. do Cargo"
"Role Information","Informação do Cargo"
"Role Name","Nome do Cargo"
"Role Resources","Recursos do Cargo"
"Role Users","Usuários do Cargo"
"Roles","Cargos"
"Roles Resources","Recursos dos Cargos"
"Rotate CCW","Girar em sentido Anti-horário"
"Rotate CW","Girar em sentido horário"
"Run","Executar"
"Run Profile","Executar Perfil"
"Run Profile Inside This Window","Executar Perfil Dentro Desta Janela"
"Run Profile in Popup","Executar Perfil em Popup"
"Running... Kill","Executando... Abortar"
"SKU","SKU"
"SKU:","SKU:"
"SSL Error: Invalid or self-signed certificate","Erro SSL: Certificado inválido ou auto-assinado"
"Sales","Vendas"
"Sales Report","Relatório de Vendas"
"Samples","Amostras"
"Save","Salvar"
"Save & Generate","Salvar & Gerar"
"Save Account","Salvar Conta"
"Save Cache Settings","Salvar Configurações de Cache"
"Save Config","Salvar Configurações"
"Save Currency Rates","Salvar Taxas de Moeda"
"Save Profile","Salvar Perfil"
"Save Role","Salvar Cargo"
"Save Template","Salvar Template"
"Save User","Salvar Usuário"
"Save and Continue Edit","Salvar e Continuar Editando"
"Search","Pesquisar"
"Search Index","Índice de Pesquisa"
"Search Term","Termo de Pesquisa"
"Search Terms","Termos de Pesquisa"
"Select","Selecionar"
"Select All","Selecionar Todos"
"Select Category","Selecionar Categoria"
"Select Date","Selecionar Data"
"Select Range","Selecionar Intervalo"
"Select date","Selecionar data"
"Selected allowed currency ""%s"" is not available in installed currencies.","As moedas permitidas selecionadas ""%s"" não estão disponíveis entre as moedas instaladas."
"Selected base currency is not available in installed currencies.","A moeda base selecionada não está disponível entre as moedas instaladas."
"Selected default display currency is not available in allowed currencies.","A moeda padrão de exibição selecionada não está disponível entre as moedas permitidas."
"Selected default display currency is not available in installed currencies.","A moeda padrão de exibição selecionada não está disponível entre as moedas instaladas."
"Self-assigned roles cannot be deleted.","Os cargos auto-atribuídos não podem ser excluídos."
"Sender","Remetente"
"Separate Email","Email Separado"
"Shipment #%s comment added","Comentário de envio #%s adicionado"
"Shipment #%s created","Envio #%s criado"
"Shipment Comments","Comentários de Envio"
"Shipment History","Histórico de Envios"
"Shipments","Envios"
"Shipping","Envio"
"Shipping Address","Endereço de Envio"
"Shipping Address: ","Endereço de Envio: "
"Shipping Origin","Origem do Envio"
"Shipping Price","Preço do Envio"
"Shipping address selection is not applicable","A seleção de endereço de envio não é aplicável"
"Shipping method must be specified.","O método de envio deve ser especificado."
"Shipping method selection is not applicable","A seleção do método de envio não é aplicável"
"Shopping Cart","Carrinho de Compras"
"Shopping Cart Price Rules","Regras de Preço do Carrinho de Compras"
"Shopping Cart from %s","Carrinho de Compras de %s"
"Show By","Exibir Por"
"Show Report For:","Exibir Relatório Por:"
"Show Reviews","Exibir Avaliações"
"Sitemap Information","Informação do Sitemap"
"Size for %s","Tamanho para %s"
"Skip Category Selection","Pular a Seleção de Categoria"
"Some items in this order have different invoice and shipment types. You can create shipment only after the invoice is created.","Alguns items neste pedido têm faturas e tipos de envio diferentes. Você somente pode criar um envio após a fatura for criada."
"Some of the ordered items do not exist in the catalog anymore and will be removed if you try to edit the order.","Alguns dos itens comprados não existem mais no catálogo items e serão removidos se você tentar editar o pedido."
"Sorry, this feature is coming soon...","Desculpe, esse recurso estará disponível em breve..."
"Special Price:","Preço Especial:"
"Specific Countries","Países Específicos"
"Specified","Especificado"
"Specified profile does not exist.","O perfil especificado não existe."
"Spreadsheet Name:","Nome da Planilha:"
"Start Date","Data de Início"
"Starting profile execution, please wait...","Iniciando a execução do perfil, por favor aguarde..."
"State/Province:","Estado:"
"Static Blocks","Blocos Estáticos"
"Status","Status"
"Status:","Status:"
"Stock Quantity:","Quantidade em Estoque:"
"Stock notification was saved.","A notificação do estoque foi salva."
"Store","Loja"
"Store Email Addresses Section","Seção de Endereço de Email da Loja"
"Store View","Visão de Loja"
"Store:","Loja:"
"Stores","Lojas"
"Subject","Assunto"
"Submit","Enviar"
"Subpackage cannot be conflicting.","O subpacote não pode estar em conflito."
"Subtotal","Subtotal"
"Switch/Solo/Maestro Only","Somente Switch/Solo/Maestro"
"Symbol","Símbolo"
"Synchronization is required.","A sincronização é obrigatória."
"Synchronization of media storages has been successfully completed.","A sincronização dos armazenamentos de media foi concluída com sucesso."
"Synchronize","Sincronizar"
"Synchronizing %s to %s","Sincronizando %s até %s"
"Synchronizing...","Sincronizando..."
"System","Sistema"
"System Section","Seção do Sistema"
"System busy","Sistema ocupado"
"Tags","Tags"
"Target Path","Caminho de Destino"
"Tax","Imposto"
"Tb","Tb"
"Template","Template"
"Template Content","Conteúdo do Template"
"Template Information","Informação do Template"
"Template Name","Nome do Template"
"Template Styles","Estilos do Template"
"Template Subject","Assunto do Template"
"Template Type","Tipo do Template"
"Temporary (302)","Temporário (302)"
"Terms and Conditions","Termos e Condições"
"Text","Texto"
"The Catalog Rewrites were refreshed.","As Reescritas do Catálogo foram atualizadas."
"The CatalogInventory Stock Status has been rebuilt.","O Status do Estoque do CatalogInventory foi reconstruído."
"The Comment Text field cannot be empty.","O campo de Texto de Comentário não pode ficar em branco."
"The Flat Catalog Product was rebuilt","O Catálogo de Produtos Flat foi reconstruído"
"The JavaScript/CSS cache has been cleaned.","O cache JavaScript/CSS foi limpo."
"The JavaScript/CSS cache has been cleared.","O cache JavaScript/CSS foi apagado."
"The Layered Navigation indexing has been queued.","A indexação de Navegação em Camadas foi enfileirada."
"The Layered Navigation indexing queue has been canceled.","A fila de indexação de Navegação em Camadas foi cancelada."
"The Layered Navigation indices were refreshed.","Os índices de Navegação em Camadas foram atualizados."
"The Layered Navigation process has been queued to be killed.","O processo de Navegação em Camadas foi enfileirado para ser abortado."
"The Magento cache storage has been flushed.","O armazenamento de cache do Magento foi liberado."
"The URL Rewrite has been deleted.","A Reescrita de URL foi excluída."
"The URL Rewrite has been saved.","A Reescrita de URL foi salva."
"The account has been saved.","A conta foi salva."
"The archive can be uncompressed with <a href=""%s"">%s</a> on Windows systems","O arquivo pode ser comprimido com <a href=""%s"">%s</a> em sistemas Windows"
"The attribute set has been removed.","O conjunto de atributos foi removido."
"The backup's creation process will take time.","O processo de criação de backup irá demorar."
"The billing agreement has been canceled.","O contrato de cobrança foi cancelado."
"The billing agreement has been deleted.","O contrato de cobrança foi excluído."
"The cache storage has been flushed.","O armazenamento de cache foi liberado."
"The carrier needs to be specified.","A transportadora deve ser especificada."
"The catalog index has been rebuilt.","O índice de catálogo foi reconstruído."
"The catalog rewrites have been refreshed.","As reescritas do catálogo foram atualizadas."
"The configuration has been saved.","A configuração foi salva."
"The credit memo has been canceled.","O memorando de crédito foi cancelado."
"The credit memo has been created.","O memorando de crédito foi criado."
"The credit memo has been voided.","O memorando de crédito foi anulado."
"The custom variable has been deleted.","A variável personalizada foi excluída."
"The custom variable has been saved.","A variável personalizada foi salva."
"The customer has been deleted.","O cliente foi excluído."
"The customer has been saved.","O cliente foi salvo."
"The design change has been deleted.","A mudança de design foi excluída."
"The design change has been saved.","A mudança de design foi salva."
"The email address is empty.","O endereço de email está vazio."
"The email template has been deleted.","O template de email foi excluído."
"The email template has been saved.","O template de email foi salvo."
"The flat catalog category has been rebuilt.","O catálogo de categoria flat foi reconstruído."
"The group node name must be specified with field node name.","O nome do nó do grupo deve ser especificado com o nome do nó de campo."
"The image cache was cleaned.","O cache de imagem foi limpo."
"The image cache was cleared.","O cache de imagem foi apagado."
"The invoice and shipment have been created.","A fatura e o envio foram criados."
"The invoice and the shipment  have been created. The shipping label cannot be created at the moment.","A fatura e a entrega foram criados. A etiqueta de entrega não pode ser criada no momento."
"The invoice has been canceled.","A fatura foi cancelada."
"The invoice has been captured.","A fatura foi capturada."
"The invoice has been created.","A fatura foi criada."
"The invoice has been voided.","A fatura foi anulada."
"The invoice no longer exists.","A fatura não existe mais."
"The item %s (SKU %s) does not exist in the catalog anymore.","O item %s (SKU %s) não existe mais no catálogo."
"The order does not allow creating an invoice.","O pedido não permite a criação de uma fatura."
"The order no longer exists.","O pedido não existe mais."
"The poll has been deleted.","A enquete foi excluída."
"The poll has been saved.","A enquete foi salva."
"The profile has been deleted.","O perfil foi excluído."
"The profile has been saved.","O perfil foi salvo."
"The profile has been updated.","O perfil foi atualizado."
"The profile has no changes.","O perfil não tem mudanças."
"The profile you are trying to save no longer exists","O perfil que você está tentando salva não existe mais"
"The rating has been deleted.","A classificação foi excluída."
"The rating has been saved.","A classificação foi salva."
"The role has been deleted.","O cargo foi excluído."
"The role has been saved.","O cargo foi salvo."
"The role has been successfully saved.","O cargo foi salvo com sucesso."
"The search index has been rebuilt.","O índice de pesquisa foi reconstruído."
"The shipment has been created.","O envio foi criado."
"The shipment has been sent.","O envio foi enviado."
"The shipping label has been created.","A etiqueta de entrega foi criada."
"The tag has been deleted.","A tag foi excluída."
"The tag has been saved.","A tag foi salva."
"The transaction details have been updated.","Os detalhes da transação foram atualizados."
"The user has been deleted.","O usuário foi excluído."
"The user has been saved.","O usuário foi salvo."
"Themes JavaScript and CSS files combined to one file.","Arquivos Javascript e CSS de temas combinados em um arquivo."
"There is an error in one of the option rows.","Existe um erro em uma das linhas de opção."
"This Account is","Esta Conta está"
"This Email template no longer exists.","Este template de Email não existe mais."
"This Role no longer exists","Este Cargo não existe mais"
"This Role no longer exists.","Este Cargo não existe mais."
"This account is","Esta conta está"
"This account is inactive.","Esta conta está inativa."
"This action cannot be undone.","Esta ação não pode ser desfeita."
"This attribute set does not have attributes which we can use for configurable product","Este conjunto de atributos não contém atributos que podem ser usados para produtos configuráveis"
"This attribute shares the same value in all the stores","Este atributo tem o mesmo valor em todas as lojas"
"This is a demo store. Any orders placed through this store will not be honored or fulfilled.","Esta é uma loja de demonstração. Qualquer pedido feito nesta loja não será atendido ou entregue."
"This is a required field.","Este campo é obrigatório."
"This product is currently disabled.","Este produto está atualmente desabilitado."
"This report depends on timezone configuration. Once timezone is changed, the lifetime statistics need to be refreshed.","Este relatório depende da configuração de fuso horário. Uma vez que o fuso horário for alterado, as estatísticas vitalícias precisam ser atualizadas."
"This section is not allowed.","Esta seção não é permitida."
"This user no longer exists.","Este usuário não existe mais."
"Time","Horário"
"Time selection:","Selecção de horário:"
"Time:","Horário:"
"Timeout limit for response from synchronize process was reached.","O tempo limite de resposta do processo de sincronização chegou ao fim."
"To","Até"
"To cancel pending authorizations and release amounts that have already been processed during this payment, click Cancel.","Para cancelar autorizações pendentes e liberar quantidades que já foram processadas durante este pagamento, clique em Cancelar."
"To use PayPal Payflow Link, you must configure your PayPal Payflow Link account on the PayPal website.","Para usar o PayPal Payflow Link, você precisa configurar sua conta PayPal Payflow Link no website do PayPal."
"To use PayPal Payments Advanced, you must configure  your PayPal Payments Advanced account on the PayPal website.","Para usar o PayPal Payments Advanced, você precisa configurar sua conta PayPal Payments Advanced no website do PayPal."
"Toggle Editor","Alternar Editor"
"Tools","Ferramentas"
"Top 5 Search Terms","Top 5 Termos de Pesquisa"
"Total","Total"
"Total Invoiced","Total Faturado"
"Total Order Amount","Quantidade Total do Pedido"
"Total Refunded","Total Reembolsado"
"Total of %d record(s) have been deleted.","Total de %d registros foram excluídos."
"Total of %d record(s) have been updated.","Total de %d registros foram atualizados."
"Total of %d record(s) were canceled.","Total de %d registros foram cancelados."
"Total of %d record(s) were deleted","Total de %d registros foram excluídos"
"Total of %d record(s) were deleted.","Total de %d registros foram excluídos."
"Total of %d record(s) were updated","Total de %d registros foram atualizados"
"Total of %d record(s) were updated.","Total de %d registros foram atualizados."
"Track Order","Rastrear Pedido"
"Track this shipment","Rastrear este envio"
"Tracking number %s for %s assigned","Número de rastreamento %s atribuído para %s"
"Tracking number cannot be empty.","O número de rastreamento não pode ficar em branco."
"Transaction Data","Dados da Transação"
"Transaction Details","Detalhes da Transação"
"Transaction ID","ID da Transação"
"Transaction Type","Tipo da Transação"
"Transactional Emails","Emails Transacionais"
"Transactions","Transações"
"Try Magento Go for Free","Experimente o Magento Go gratuitamente"
"Type","Tipo"
"Type:","Tipo:"
"URL Rewrite","Reescrita de URL"
"URL Rewrite Information","Informação de Reescrita de URL"
"URL Rewrite Management","Gerenciamento de Reescrita de URL"
"Unable to cancel the credit memo.","Não foi possível cancelar o memorando de crédito."
"Unable to find a Email Template to delete.","Não foi possível encontrar um Template de Email para excluir."
"Unable to find a poll to delete.","Não foi possível encontrar uma enquete para excluir."
"Unable to find a tag to delete.","Não foi possível encontrar uma tag para excluir."
"Unable to find a user to delete.","Não foi possível encontrar um usuário para excluir."
"Unable to initialize import model","Não foi possível inicializar o model de importação"
"Unable to refresh lifetime statistics.","Não foi possível atualizar as estatísticas vitalícias."
"Unable to refresh recent statistics.","Não foi possível atualizar as estatísticas recentes."
"Unable to save the cron expression.","Não foi possível salvar a expressão do cron."
"Unable to save the invoice.","Não foi possível salvar a fatura."
"Unable to send the invoice email.","Não foi possível enviar o email de fatura."
"Unable to send the shipment email.","Não foi possível enviar o email de envio."
"Unable to update transaction details.","Não foi possível atualizar os detalhes da transação."
"Unable to void the credit memo.","Não foi possível anular o memorando de crédito."
"Unknown","Desconhecido"
"Unlimited","Ilimitado"
"Update","Atualizar"
"Updated At","Atualizado Em"
"Upload File","Enviar Arquivo"
"Upload Files","Enviar Arquivos"
"Upload HTTP Error","Erro HTTP do Upload"
"Upload I/O Error","Erro I/O do Upload"
"Upload Security Error","Erro de Segurança do Upload"
"Upload import file","Enviar arquivo de importação"
"Uploaded file is larger than %.2f kilobytes allowed by server","O arquivo enviado é maior que %.2f kilobytes permitidos pelo servidor"
"Use All Available Attributes","Usar Todos os Atributos Disponíveis"
"Use Config Settings","Usar Configuração de Ambiente"
"Use Default","Usar Padrão"
"Use Default Value","Usar Valor Padrão"
"Use Default Variable Values","Usar Valores Padrões da Variável"
"Use FTP Connection","Usar Conexão FTP"
"Use Website","Usar Website"
"Used Currently For","Usado Atualmente Para"
"Used as Default For","Usado como Padrão Para"
"User Email","Email do Usuário"
"User ID","ID do Usuário"
"User Info","Info do Usuário"
"User Information","Informações do Usuário"
"User Name","Nome do Usuário"
"User Name is required field.","Nome do Usuário é um campo obrigatório."
"User Name:","Nome do Usuário:"
"User Password","Senha do Usuário"
"User Role","Cargo do Usuário"
"User Roles","Cargos do Usuário"
"User Roles Information","Informação dos Cargos do Usuário"
"User Type Resources","Recursos do Tipo de Usuário"
"User name","Nome do usuário"
"Users","Usuários"
"VAT Number is Invalid","O CPF é Inválido"
"VAT Number is Valid","O CPF é Válido"
"Validation Results","Resultados de Validação"
"Value","Valor"
"Value Delimiter:","Delimitador de Valor:"
"Variable","Variável"
"Variable Code","Código da Variável"
"Variable HTML Value","Valor HTML da Variável"
"Variable ID","ID da Variável"
"Variable Name","Nome da Variável"
"Variable Plain Value","Valor Simples da Varíavel"
"Verifier code: %s","Código verificador: %s"
"View Actions XML","Exibir XML de Ações"
"View Full Size","Exibir Tamanho Grande"
"View Memo","Exibir Memorando"
"View Memo for #%s","Exibir Memorando para #%s"
"View Shipment","Exibir Envio"
"View Statistics For:","Exibir Estatísticas Para:"
"Visibility:","Visibilidade:"
"Warning","Aviso"
"Warning! Empty value can cause problems with CSV format.","Aviso! Valores vazios podem causar problemas com formato CSV."
"Warning!\r\nThis action will remove this user from already assigned role\r\nAre you sure?","Aviso!\r\nEsta ação irá remover este usuário do já atribuído cargo\r\nVocê tem certeza?"
"Warning!\r\nThis action will remove those users from already assigned roles\r\nAre you sure?","Aviso!\r\nEsta ação irá remover estes usuários dos já atribuídos cargos\r\nVocê tem certeza?"
"Warning: Please do not close the window during importing/exporting data","Aviso: Por favor não feche a janela durante a importação/exportação de dados"
"Watermark File for %s","Arquivo de Marca D'água para %s"
"We appreciate our merchants\' feedback, please <a href=""#"" onclick=""surveyAction(\'yes\'); return false;"">take our survey</a> to provide insight on the features you would like included in Magento. <a href=""#"" onclick=""surveyAction(\'no\'); return false;"">Remove this notification</a>","Nós valorizamos o feedback de nossos comerciantes, por favor <a href=""#"" onclick=""surveyAction(\'yes\'); return false;"">responda nossa pesquisa</a> para fornecer informações sobre as características que você gostaria de incluir no Magento. <a href=""#"" onclick=""surveyAction(\'no\'); return false;"">Remover esta notificação</a>"
"We\'re in our typing table, coding away more features for Magento. Thank you for your patience.","Nós estamos em nossas mesas, criando códigos para mais recursos do Magento. Obrigado pela sua paciência."
"Web Section","Seção Web"
"Web Services","Web Services"
"Web services","Web services"
"Website","Website"
"What is this?","O que é isto?"
"Wishlist Report","Relatório de Lista de Desejos"
"Wishlist item is not loaded.","A lista de desejo não foi carregada."
"Wrong account specified.","Conta especificada incorreta."
"Wrong billing agreement ID specified.","ID de contrato de cobrança especificado incorreto."
"Wrong column format.","Formato de coluna incorreto."
"Wrong newsletter template.","Template de newsletter incorreto."
"Wrong quote item.","Item de cotação incorreto."
"Wrong tab configuration.","Configuração de tab incorreta."
"Wrong tag was specified.","Uma tag incorreta foi especificada."
"Wrong transaction ID specified.","ID de transação especificado incorreto."
"XML","XML"
"XML data is invalid.","Os dados XML são inválidos."
"XML object is not instance of ""Varien_Simplexml_Element"".","O objeto XML não é uma instância de ""Varien_Simplexml_Element""."
"YTD","Acumulado no ano"
"Year","Ano"
"Yes","Sim"
"Yes (301 Moved Permanently)","Sim (301 Movido Permanentemente)"
"Yes (302 Found)","Sim (302 Encontrado)"
"Yes (only price with tax)","Sim (somente preço com imposto)"
"You cannot delete your own account.","Você não pode excluir sua própria conta."
"You have %s unread message(s).","Você possui %s mensagem(s) não lida(s)."
"You have %s unread message(s). <a href=""%s"">Go to messages inbox</a>.","Você possui %s mensagem(s) não lida(s). <a href=""%s"">Vá para a caixa de entrada de mensagens</a>."
"You have %s, %s and %s unread messages. <a href=""%s"">Go to messages inbox</a>.","Você possui %s, %s e %s mensagem(s) não lida(s). <a href=""%s"">Vá para a caixa de entrada de mensagens</a>."
"You have logged out.","Você saiu."
"You have not enough permissions to use this functionality.","Você não tem permissões suficientes para usar esta funcionalidade."
"You must have JavaScript enabled in your browser to utilize the functionality of this website.","Você precisa ter o JavaScript habilitado no seu navegador para utilizar as funcionalidades deste website."
"You need to specify order items.","Você precisa especificar itens do pedido."
"You will need to wait when the action ends.","Você terá que esperar a ação terminar."
"Your answers contain duplicates.","Suas respostas conter duplicatas."
"Your password has been updated.","Sua senha foi atualizada."
"Your password reset link has expired.","Seu link de redefinição de senha expirou."
"Your server PHP settings allow you to upload files not more than %s at a time. Please modify post_max_size (currently is %s) and upload_max_filesize (currently is %s) values in php.ini if you want to upload larger files.","As configurações do PHP em seu servidor permitem que você envie arquivos de no máximo %s por vez. Por favor modifique os valores post_max_size (atualmente está %s) e upload_max_filesize (atualmente está %s) no arquivo php.ini se você quiser enviar arquivos maiores."
"Your web server is configured incorrectly. As a result, configuration files with sensitive information are accessible from the outside. Please contact your hosting provider.","Seu servidor está configurado incorretamente. Como resultado, os arquivos de configuração com informações sensíveis estão acessíveis a partir do exterior. Entre em contato com seu provedor de hospedagem."
"Zip/Postal Code","CEP/Código Postal"
"Zip/Postal Code:","CEP/Código Postal:"
"[ deleted ]","[ excluído ]"
"[GLOBAL]","[GLOBAL]"
"[STORE VIEW]","[VISÃO DE LOJA]"
"[WEBSITE]","[WEBSITE]"
"b","b"
"close","fechar"
"critical","crítico"
"example: ""sitemap/"" or ""/"" for base path (path must be writeable)","exemplo: ""sitemap/"" or ""/"" para diretório base (é necessário permissão de escrita no diretório)"
"example: sitemap.xml","exemplo: sitemap.xml"
"failed","falhou"
"from","de"
"major","maior"
"minor","menor"
"notice","nota"
"store(%s) scope","escopo de loja(%s)"
"successful","bem sucedido"
"to","até"
"website(%s) scope","escopo de website(%s)"
"{{base_url}} is not recommended to use in a production environment to declare the Base Unsecure URL / Base Secure URL. It is highly recommended to change this value in your Magento <a href=""%s"">configuration</a>.","{{base_url}} não é recomendado para uso em um ambiente de produção para declarar a Base de URL Não Segura / Base de URL Segura. É altamente recomendável alterar este valor em sua <a href=""%s"">configuração</a> do Magento."
